,adview
0,2.0
1,21.0
2,1.0
3,9.0
4,67985.0
5,1.0
6,1.0
7,5.0
8,77.0
9,2.0
10,4.0
11,1.0
12,1.0
13,1.0
14,22.0
15,2.0
16,1.0
17,1.0
18,1.0
19,2.0
20,1.0
21,2.0
22,9.0
23,2.0
24,5.0
25,1.0
26,4.0
27,3.0
28,5.0
29,1.0
30,3.0
31,1.0
32,15.0
33,1.0
34,2.0
35,4.0
36,1.0
37,1.0
38,3.0
39,1.0
40,4.0
41,1.0
42,2.0
43,5.0
44,2.0
45,1.0
46,1.0
47,1.0
48,2.0
49,2.0
50,2.0
51,8.0
52,1.0
53,119.0
54,4.0
55,1.0
57,1.0
58,1.0
59,1.0
60,2.0
61,1.0
62,1.0
63,274374.0
64,2.0
65,1.0
66,1.0
67,1.0
68,1.0
69,1.0
70,1.0
71,2.0
72,1.0
73,3.0
74,2.0
75,2.0
76,1.0
77,1.0
78,13.0
79,2.0
80,32.0
81,1.0
82,1.0
83,9.0
84,1.0
85,16126.0
86,1.0
87,1.0
88,1.0
89,7.0
90,1.0
91,1.0
92,1.0
93,1.0
94,1.0
95,1.0
96,1.0
97,2.0
98,4.0
99,31.0
100,34.0
101,4.0
102,1754.0
103,1.0
104,2.0
105,3.0
106,13021.0
107,87.0
108,9.0
109,1.0
110,1.0
111,3.0
112,1.0
113,2.0
114,59.0
115,1.0
116,3.0
117,1.0
118,2.0
119,17875.0
120,1.0
121,3.0
122,1.0
123,2.0
124,9.0
125,1.0
126,8.0
127,13.0
128,5.0
129,3.0
130,1.0
131,3.0
132,1.0
133,2.0
134,2.0
135,1.0
136,1.0
137,1.0
138,1.0
139,2.0
140,9.0
141,1.0
142,3.0
143,1.0
144,1.0
145,2.0
146,1.0
147,1.0
148,3.0
149,1.0
150,1.0
151,257.0
152,1.0
153,208.0
154,1.0
155,1.0
156,8.0
157,1.0
158,1.0
159,12.0
160,32.0
161,4.0
162,5.0
163,1.0
164,3.0
165,11.0
166,1.0
167,2.0
168,2.0
169,1.0
170,11.0
171,1.0
172,1.0
173,1.0
174,12.0
175,2.0
176,377.0
177,2.0
178,1.0
179,2.0
180,1.0
181,4757.0
182,1.0
183,1.0
184,1.0
185,1.0
186,7.0
187,1.0
189,1.0
190,1.0
191,1.0
192,2.0
193,1.0
194,1.0
195,1015.0
196,132.0
197,8.0
198,11777.0
199,72.0
200,26.0
201,1.0
202,1.0
203,12.0
204,1.0
205,2.0
206,1.0
207,22.0
208,2.0
209,1.0
210,1.0
211,3.0
212,4.0
213,3008.0
214,55.0
215,1.0
216,2.0
217,1.0
218,1.0
219,1.0
220,72.0
221,3.0
222,1.0
223,23.0
224,2.0
225,1.0
226,1.0
227,1.0
228,4.0
229,2.0
230,1.0
231,1.0
232,1.0
233,3.0
234,2.0
235,1.0
236,124.0
237,39.0
238,3666.0
239,7.0
240,1.0
241,51.0
242,2.0
243,2.0
244,1.0
245,2.0
246,1.0
247,2.0
248,1.0
249,6.0
250,1.0
251,1.0
252,1.0
253,11.0
254,1.0
255,8.0
256,4.0
257,1.0
258,55.0
259,2.0
260,1.0
261,1.0
262,1.0
263,1.0
264,2.0
265,1.0
266,4.0
267,1.0
268,2.0
269,1.0
270,915.0
271,33.0
272,1.0
273,1.0
274,287688.0
275,1.0
276,1.0
277,1.0
278,1.0
279,1.0
280,1.0
281,2.0
282,3.0
283,10.0
284,9.0
285,2.0
286,1.0
287,1.0
288,1.0
289,1.0
290,18.0
291,2.0
292,1.0
293,203.0
294,1.0
295,1.0
296,1.0
297,2.0
298,1.0
299,5.0
300,1.0
301,1.0
302,1.0
303,2.0
304,4.0
305,5.0
306,1.0
307,4.0
308,1176.0
309,1.0
310,1.0
311,2.0
312,26.0
313,1.0
314,1.0
315,4.0
316,3.0
317,1.0
318,9.0
319,2.0
320,1.0
321,3.0
322,4.0
323,6.0
324,2.0
325,4.0
326,1.0
327,46.0
328,5.0
329,13.0
330,15.0
331,4.0
332,1.0
333,3.0
334,1.0
335,1.0
336,1.0
337,91.0
338,1.0
339,1.0
340,2.0
341,1.0
342,1.0
343,4.0
344,6.0
345,1.0
346,8.0
347,14.0
349,5.0
350,1.0
351,21.0
352,1.0
353,1.0
354,1.0
355,6090.0
356,7.0
357,1.0
358,1.0
359,16.0
360,1.0
361,3.0
362,1.0
363,1.0
364,1.0
365,1.0
366,11.0
367,11.0
368,2.0
369,2.0
370,2.0
371,3.0
372,2.0
373,1.0
374,493.0
375,1.0
376,3.0
377,1.0
378,64.0
379,22.0
380,1.0
381,1.0
382,1.0
383,1.0
384,374.0
385,1.0
386,4.0
387,50.0
388,7.0
389,22.0
390,2.0
391,1.0
392,3.0
393,2.0
395,2.0
396,2.0
397,71.0
398,322.0
399,1.0
400,1.0
401,7.0
402,7.0
403,367.0
404,2.0
405,1.0
406,2598.0
407,3.0
408,1.0
409,1.0
410,1.0
411,16.0
412,6.0
413,59.0
414,1.0
415,5.0
416,4.0
417,2.0
418,27.0
419,1.0
420,4.0
421,1.0
422,18.0
423,1.0
424,14.0
425,14.0
426,1.0
427,196.0
428,2.0
429,2.0
430,1.0
431,3.0
432,3.0
433,1.0
434,3.0
435,24.0
436,7.0
437,4.0
438,1.0
439,1.0
440,2.0
441,28.0
442,17183.0
443,1.0
444,1.0
445,48626.0
446,1.0
447,2.0
448,1.0
449,1.0
450,91.0
451,5.0
452,2.0
453,95.0
454,1155.0
455,3.0
456,1.0
457,1.0
458,8.0
459,1.0
460,6.0
461,1.0
462,1.0
463,1.0
464,1.0
465,1.0
466,1.0
467,2.0
468,1.0
469,313.0
470,17267.0
471,1.0
472,27.0
473,2.0
475,1.0
476,1.0
477,3.0
478,4.0
479,19.0
480,1.0
482,6.0
483,1.0
484,1.0
485,3.0
486,1.0
487,3.0
488,1.0
490,1.0
491,1.0
492,10.0
493,1.0
494,7.0
495,7.0
496,3.0
497,2.0
498,1.0
499,1.0
500,56.0
501,21.0
502,23.0
503,26.0
504,43534.0
505,2.0
506,1.0
507,1.0
508,360231.0
509,1.0
510,1.0
511,2.0
512,1.0
513,3.0
514,4.0
515,196173.0
516,5.0
517,1.0
518,1.0
519,1.0
520,3.0
521,10.0
522,7.0
523,1.0
524,12.0
525,4.0
526,3.0
527,2.0
528,2.0
529,1.0
530,1.0
531,12.0
532,3.0
533,1.0
534,1.0
535,1.0
536,11298.0
537,20.0
538,1.0
539,12.0
540,1.0
541,3129.0
542,1.0
543,1.0
544,1.0
545,3.0
546,1.0
547,2.0
548,1.0
549,2.0
550,4.0
551,1.0
552,3.0
553,1.0
554,1.0
555,6550.0
556,3.0
557,21.0
558,4.0
559,196.0
560,1.0
561,1.0
562,16.0
563,622.0
564,1.0
566,2.0
567,1.0
568,1.0
569,1.0
570,1.0
571,1833.0
572,3.0
573,1.0
574,1.0
575,1.0
576,2.0
577,4.0
578,2.0
579,6.0
580,6946.0
581,32187.0
582,7.0
583,1.0
584,1.0
585,217.0
586,1.0
587,2.0
588,1.0
589,3.0
590,8.0
591,1.0
592,1.0
593,3.0
594,1.0
595,2.0
596,2.0
597,2.0
598,152.0
599,4.0
600,3.0
601,3.0
602,4.0
603,2.0
604,2.0
605,2965.0
606,31.0
607,1.0
608,287688.0
609,2.0
610,1.0
611,2.0
612,49.0
613,36.0
614,2.0
615,1.0
616,1.0
617,3.0
618,3.0
619,2.0
620,1.0
621,9.0
622,13.0
623,1.0
624,10.0
625,1.0
626,1.0
627,2.0
628,18.0
629,5.0
630,42.0
631,1.0
632,1.0
633,1.0
634,10.0
635,1.0
636,1.0
637,1.0
638,17.0
639,1.0
640,1.0
641,2.0
642,4.0
643,4.0
644,1.0
645,1.0
646,10488.0
647,3.0
648,2.0
649,1.0
650,1.0
651,4.0
652,1.0
653,1.0
654,2.0
655,5.0
656,1.0
657,1.0
658,2.0
659,6.0
660,3.0
661,5.0
662,5.0
663,1.0
664,2.0
665,1.0
666,1.0
667,3.0
668,7.0
669,494.0
670,1.0
671,3.0
672,1.0
673,3.0
674,14.0
675,1.0
676,1.0
677,1.0
678,2.0
679,4.0
680,1.0
681,64.0
682,19.0
683,11.0
684,3.0
685,11.0
686,1.0
687,4.0
688,1.0
689,6.0
690,1.0
691,1095.0
692,1.0
693,1.0
694,3.0
695,1.0
696,7.0
697,2.0
698,53.0
699,19.0
700,9.0
701,1.0
702,4.0
703,14.0
704,8.0
705,1.0
706,55.0
707,5.0
708,1.0
709,39.0
710,13.0
711,1.0
712,1.0
713,1.0
714,10.0
715,1.0
716,26.0
717,1.0
718,1.0
719,7.0
720,1.0
721,1.0
722,27826.0
723,1.0
724,17.0
725,12.0
726,5.0
727,7.0
728,16.0
729,1.0
730,12465.0
731,30.0
732,6.0
733,3.0
734,2.0
735,2.0
736,1.0
737,8.0
738,5.0
739,2.0
740,1.0
741,1.0
742,6.0
743,1.0
744,3.0
745,10832.0
746,2.0
747,1.0
748,1.0
749,3.0
750,1.0
751,1.0
752,1.0
753,1.0
754,1.0
755,4.0
756,8.0
757,1.0
758,1.0
759,7.0
760,1.0
761,1.0
762,1.0
763,2.0
764,79.0
765,2.0
766,1.0
767,1.0
768,1.0
770,27.0
771,1.0
772,4.0
773,6175.0
775,2.0
777,6.0
778,2.0
779,5.0
780,4.0
781,5.0
782,1.0
783,1147.0
784,3.0
785,10.0
786,5.0
787,109.0
788,1.0
789,30.0
790,1.0
791,40.0
792,162.0
793,6.0
794,1.0
795,1.0
796,2.0
797,15.0
798,2.0
799,2.0
800,3.0
801,1.0
803,2.0
805,1.0
806,5.0
807,1.0
808,2.0
809,1.0
810,1.0
811,13.0
812,1.0
813,10.0
814,12.0
815,1.0
816,8114.0
817,1.0
818,1.0
819,21.0
820,1.0
821,1.0
822,2.0
823,7.0
824,1.0
825,1.0
826,2.0
827,4.0
828,18.0
829,1.0
830,1.0
831,133052.0
832,1.0
833,1.0
834,1.0
835,4.0
836,22.0
837,1.0
838,1.0
839,1.0
840,2.0
841,2.0
842,6.0
844,402.0
845,2.0
846,4.0
847,25.0
848,27.0
849,1.0
850,2.0
851,1.0
852,8.0
853,1.0
854,1.0
855,2.0
856,1.0
857,1.0
858,4.0
859,1.0
860,18782.0
861,26.0
863,1.0
864,10.0
865,50157.0
866,31.0
867,3.0
868,2.0
869,73.0
870,1.0
871,19.0
872,876.0
873,3.0
874,1.0
875,3.0
876,2.0
877,22.0
878,361.0
879,132.0
880,6.0
881,2.0
883,1.0
884,1.0
885,1.0
886,5.0
887,2.0
888,6.0
889,2.0
890,1.0
891,3.0
892,2.0
893,1.0
894,1.0
895,5.0
896,2.0
897,1.0
898,21.0
899,1.0
900,1.0
901,2.0
902,6.0
903,8.0
904,32.0
905,1.0
906,5762.0
907,1.0
909,3.0
910,20.0
911,13.0
912,17.0
913,372.0
914,2.0
915,1.0
916,13.0
917,3.0
918,14.0
919,2.0
920,1.0
921,1.0
922,714.0
923,3.0
924,2.0
925,5.0
926,25.0
927,3.0
928,1.0
929,1.0
930,1.0
931,2.0
932,2.0
933,1.0
934,1.0
935,313.0
936,11.0
937,1.0
938,4.0
939,1.0
940,1.0
941,1.0
942,2.0
943,1.0
944,55.0
945,3.0
946,2.0
947,2.0
948,12.0
949,1.0
950,1.0
951,1.0
952,1.0
953,8.0
955,9936.0
956,1.0
957,1.0
958,1.0
959,15.0
960,2555.0
961,3.0
962,2.0
963,1.0
965,5.0
966,1.0
967,8.0
968,13.0
969,3.0
970,2.0
971,14.0
972,1.0
973,1.0
974,4.0
975,2.0
976,2.0
977,9.0
978,1.0
979,1.0
980,6.0
981,5.0
983,1.0
984,67985.0
985,1.0
986,4.0
987,19.0
988,2.0
989,4.0
990,1.0
991,174.0
992,1.0
993,1.0
994,5.0
995,2.0
996,1.0
997,1.0
998,430.0
999,9.0
1000,4.0
1001,4.0
1002,1.0
1003,46.0
1004,2.0
1005,2.0
1006,1.0
1007,2.0
1008,1.0
1009,2.0
1010,35118.0
1011,2877.0
1012,1.0
1013,1.0
1014,3.0
1015,5.0
1016,1.0
1017,2.0
1018,1.0
1019,1.0
1020,1.0
1021,1.0
1022,6030.0
1023,9.0
1024,305.0
1025,1.0
1027,1.0
1028,1.0
1029,22.0
1030,1.0
1031,1.0
1032,8.0
1033,1.0
1034,2.0
1035,6.0
1036,16.0
1037,2.0
1038,47.0
1039,1.0
1040,1.0
1041,1.0
1042,6.0
1043,2.0
1044,10.0
1045,1.0
1046,15.0
1047,1.0
1048,1.0
1049,1.0
1050,117.0
1051,22.0
1052,38.0
1053,3.0
1054,10.0
1055,1.0
1056,2.0
1057,1.0
1058,2.0
1059,1.0
1060,2.0
1061,1.0
1062,44.0
1063,1.0
1064,2722.0
1065,1.0
1066,1.0
1067,3.0
1068,2.0
1069,4.0
1070,2.0
1071,1.0
1072,1.0
1073,1.0
1074,1.0
1076,3.0
1077,1.0
1078,2.0
1079,1.0
1080,2.0
1081,1.0
1082,2.0
1083,2.0
1084,5548.0
1085,3.0
1086,3.0
1087,1.0
1088,2.0
1089,2.0
1090,3.0
1091,1.0
1092,1.0
1093,1.0
1094,9.0
1095,9.0
1096,1.0
1097,1.0
1098,1.0
1099,1.0
1100,5.0
1101,9.0
1102,1.0
1103,3.0
1104,1.0
1105,1.0
1106,66.0
1107,1.0
1108,2.0
1109,1.0
1110,1.0
1111,1.0
1112,6497.0
1113,7.0
1114,2.0
1115,1.0
1116,3.0
1117,3.0
1118,1.0
1119,32.0
1120,1.0
1121,6.0
1122,2.0
1123,2.0
1124,1.0
1125,7.0
1126,10.0
1127,2.0
1128,3.0
1129,1.0
1130,2.0
1131,2.0
1132,1.0
1133,2.0
1134,3.0
1135,1.0
1136,1.0
1137,1.0
1138,10.0
1139,1.0
1140,2.0
1141,1.0
1142,1.0
1143,2.0
1144,155.0
1145,7.0
1146,1.0
1147,4.0
1148,2.0
1149,2.0
1150,1.0
1151,5.0
1152,1.0
1153,11.0
1154,1.0
1155,1.0
1156,5.0
1157,1.0
1159,9.0
1160,1.0
1161,2.0
1162,1648.0
1163,4.0
1164,1.0
1165,1.0
1166,1.0
1167,1.0
1168,1.0
1169,2.0
1170,3.0
1171,1.0
1172,1.0
1173,3.0
1174,1.0
1175,1.0
1176,1.0
1177,5.0
1178,5.0
1179,1.0
1180,3.0
1181,1.0
1182,1.0
1183,1.0
1184,1.0
1185,4.0
1186,1.0
1187,1.0
1188,4.0
1189,1.0
1190,1.0
1191,1.0
1192,6.0
1193,4.0
1194,33.0
1195,1.0
1196,3.0
1197,25.0
1198,1.0
1199,9.0
1200,2.0
1201,3.0
1202,4.0
1203,3.0
1204,620.0
1205,4.0
1206,39.0
1207,18.0
1208,2.0
1209,1.0
1210,10.0
1211,1.0
1212,383.0
1213,5.0
1214,18.0
1215,3.0
1216,8.0
1217,1.0
1218,8.0
1219,2.0
1220,5.0
1221,2.0
1222,1.0
1223,1.0
1224,1.0
1225,3.0
1226,1.0
1227,1.0
1228,1.0
1229,3.0
1230,4.0
1231,2.0
1232,3.0
1234,144.0
1235,21.0
1236,1.0
1237,1.0
1238,11.0
1239,2.0
1240,1.0
1241,3.0
1242,14.0
1243,3.0
1244,1.0
1245,12.0
1246,1.0
1247,2.0
1248,19.0
1249,31.0
1250,1.0
1251,7.0
1252,1.0
1253,2.0
1254,1.0
1255,1.0
1256,45.0
1257,4.0
1258,1.0
1259,1.0
1260,1.0
1261,2.0
1262,6946.0
1263,1.0
1264,2.0
1265,1.0
1266,6.0
1267,262.0
1268,1.0
1269,7.0
1270,273.0
1271,55.0
1272,4.0
1273,1.0
1274,1.0
1275,36.0
1276,7.0
1277,2.0
1278,1.0
1279,1.0
1280,3.0
1281,6.0
1283,16.0
1284,280.0
1285,6.0
1286,1.0
1287,4.0
1289,1.0
1290,1.0
1291,12.0
1292,2.0
1293,622.0
1294,1.0
1295,1.0
1296,10.0
1297,1.0
1298,2.0
1299,2.0
1300,11.0
1302,5.0
1303,17.0
1304,12.0
1305,26.0
1306,1.0
1307,1.0
1308,2.0
1309,4245.0
1310,1.0
1311,11.0
1312,1.0
1313,1.0
1314,21.0
1315,3.0
1316,1.0
1317,64825.0
1318,3.0
1319,15.0
1320,1.0
1321,7.0
1322,1.0
1323,1.0
1324,3.0
1325,4.0
1326,127.0
1327,7.0
1328,4.0
1329,3.0
1330,231.0
1331,90.0
1332,4.0
1333,1.0
1334,10.0
1335,4.0
1336,8.0
1337,2.0
1338,2.0
1339,6.0
1340,1.0
1341,1.0
1342,2.0
1343,3.0
1344,1.0
1345,4.0
1346,14.0
1347,1.0
1348,4.0
1349,1.0
1350,27.0
1351,1.0
1352,13.0
1353,1.0
1354,2.0
1355,2.0
1356,3891.0
1357,7.0
1358,1.0
1359,3.0
1360,31.0
1361,17655.0
1363,2.0
1364,1.0
1365,3.0
1366,2.0
1367,1.0
1368,19.0
1369,40.0
1371,1.0
1372,17875.0
1373,1.0
1374,1.0
1375,3.0
1376,2.0
1377,11.0
1378,1.0
1379,3.0
1380,14.0
1381,33168.0
1382,1.0
1383,36.0
1384,2.0
1385,4.0
1386,3.0
1387,1.0
1388,1.0
1389,2.0
1390,1.0
1391,1.0
1392,5.0
1393,4.0
1394,1.0
1395,1.0
1396,7.0
1397,3.0
1398,2.0
1399,3218.0
1400,8.0
1402,1.0
1403,134.0
1404,2.0
1405,14.0
1406,1.0
1407,5.0
1408,5.0
1409,8.0
1410,2.0
1411,1.0
1412,1.0
1413,8207.0
1415,1.0
1416,12.0
1417,1.0
1419,5.0
1420,2.0
1421,1.0
1422,1.0
1423,2.0
1424,22.0
1425,2.0
1426,1.0
1427,3687.0
1428,3.0
1429,1.0
1430,5.0
1431,1.0
1432,336.0
1433,1.0
1434,6.0
1435,1.0
1436,2.0
1437,1.0
1438,1.0
1439,3.0
1440,1.0
1441,50157.0
1442,1.0
1443,1.0
1444,2.0
1446,9.0
1447,2.0
1448,4.0
1449,14.0
1450,2.0
1451,31.0
1452,5.0
1453,2.0
1454,5.0
1455,1.0
1456,458.0
1457,1.0
1458,2.0
1459,1.0
1460,2.0
1461,4245.0
1462,4.0
1463,1.0
1464,2.0
1465,1.0
1466,3.0
1467,10.0
1468,4460.0
1469,2.0
1470,1.0
1471,1.0
1472,2.0
1473,18.0
1474,7.0
1475,1.0
1476,1.0
1477,1.0
1478,2.0
1479,1.0
1480,3.0
1481,1.0
1483,1.0
1484,7.0
1485,1147.0
1486,1.0
1487,1.0
1488,1.0
1489,1.0
1490,2.0
1491,1.0
1492,2.0
1493,1.0
1494,1.0
1495,5.0
1496,16.0
1497,273.0
1498,1.0
1499,1.0
1500,38.0
1501,1.0
1502,2.0
1503,1.0
1504,78.0
1505,3.0
1506,1.0
1507,7.0
1508,74.0
1509,2.0
1510,1.0
1511,1583846.0
1512,1.0
1513,6.0
1514,5.0
1515,1.0
1516,4.0
1517,1.0
1518,12.0
1519,4.0
1520,225.0
1521,30.0
1522,1.0
1523,1.0
1524,3.0
1525,3.0
1526,2.0
1527,6.0
1528,1.0
1529,107.0
1530,12.0
1531,4.0
1532,1.0
1533,9.0
1534,2.0
1535,3.0
1536,1.0
1537,1.0
1538,1.0
1539,1.0
1540,17.0
1541,2.0
1542,1.0
1543,6.0
1544,1.0
1545,3.0
1546,7.0
1547,3.0
1548,16.0
1549,65.0
1551,3.0
1552,6.0
1553,1.0
1554,1.0
1555,11.0
1556,2.0
1557,1.0
1558,4.0
1560,14259.0
1561,5.0
1562,2.0
1563,6313.0
1564,1.0
1565,4.0
1566,1.0
1567,742.0
1568,1.0
1569,17.0
1570,3.0
1571,1.0
1572,1.0
1573,1.0
1574,6.0
1575,2.0
1576,1.0
1577,1.0
1578,1.0
1579,1.0
1580,2.0
1581,3210.0
1582,3.0
1583,1.0
1584,1.0
1585,1.0
1586,4.0
1587,9.0
1588,2.0
1589,6.0
1590,3.0
1591,1.0
1592,1.0
1593,5.0
1594,1.0
1595,2.0
1596,1.0
1597,15.0
1598,1.0
1599,1.0
1600,1.0
1601,1.0
1602,1.0
1603,1.0
1604,54.0
1605,1.0
1606,10.0
1608,1.0
1609,1.0
1610,3.0
1611,1.0
1612,1.0
1613,2.0
1614,1.0
1615,2.0
1616,2.0
1617,1.0
1618,2.0
1619,1.0
1620,1.0
1621,163.0
1622,1.0
1623,1.0
1624,1.0
1625,1.0
1626,1.0
1627,1.0
1628,1.0
1629,5.0
1630,1.0
1631,10003.0
1632,6.0
1633,4.0
1634,24.0
1635,36773.0
1636,4.0
1637,1.0
1638,14.0
1639,16.0
1640,5.0
1641,3.0
1642,1.0
1643,1.0
1644,1.0
1645,2.0
1646,1.0
1647,6020.0
1649,10.0
1650,1.0
1651,2.0
1653,6.0
1654,1.0
1655,1.0
1656,2.0
1657,77.0
1658,1.0
1659,1.0
1660,95.0
1661,1.0
1662,1.0
1663,1.0
1664,2.0
1665,1.0
1666,1.0
1667,3.0
1668,2.0
1669,1.0
1670,2.0
1671,1.0
1672,1.0
1673,1.0
1674,3940.0
1675,1.0
1676,1.0
1677,1.0
1678,1.0
1679,5.0
1680,1.0
1682,3.0
1683,1.0
1684,2.0
1685,2.0
1686,6.0
1688,3.0
1689,1.0
1690,1.0
1691,1.0
1692,1.0
1693,1.0
1694,12.0
1695,1.0
1696,26.0
1697,2.0
1698,3.0
1699,22.0
1700,5.0
1701,1.0
1702,142.0
1703,1.0
1704,2.0
1705,1.0
1706,1.0
1707,2.0
1708,1.0
1709,1.0
1710,1.0
1711,1.0
1712,2.0
1713,2.0
1714,143638.0
1715,20.0
1716,2.0
1717,2.0
1718,3.0
1719,1.0
1720,1.0
1721,3129.0
1722,1.0
1723,8.0
1724,4.0
1725,6.0
1726,3.0
1727,3.0
1728,2.0
1729,1.0
1730,1.0
1731,1.0
1732,1.0
1733,1.0
1734,2.0
1735,55.0
1736,2.0
1737,4.0
1738,3.0
1739,4.0
1740,2.0
1741,5.0
1742,1.0
1743,1.0
1744,1.0
1745,1.0
1746,28.0
1747,2.0
1748,40.0
1749,1.0
1750,2578.0
1751,1.0
1752,5.0
1753,150.0
1754,2.0
1755,1.0
1756,2.0
1757,2.0
1758,1.0
1759,3.0
1760,12.0
1761,1.0
1762,1.0
1763,10.0
1764,13.0
1765,1.0
1766,1.0
1767,1.0
1768,1.0
1769,1.0
1770,55.0
1771,1.0
1772,1.0
1773,1.0
1774,2.0
1775,1.0
1776,1.0
1777,1.0
1778,5.0
1779,3.0
1780,10.0
1781,11.0
1782,11.0
1783,1.0
1784,1.0
1785,13.0
1786,1.0
1787,1.0
1788,1.0
1789,3.0
1790,3.0
1791,6.0
1792,1.0
1793,3.0
1794,1.0
1795,1.0
1796,8.0
1797,1.0
1798,7.0
1799,1.0
1800,2.0
1801,11.0
1802,2.0
1803,1.0
1804,2.0
1805,3.0
1806,72.0
1807,1.0
1808,7041.0
1809,17267.0
1810,1.0
1811,1.0
1812,14.0
1813,11.0
1814,9.0
1815,1.0
1816,1.0
1817,1.0
1818,2.0
1819,1.0
1820,1.0
1821,1.0
1822,2.0
1823,2.0
1824,2877.0
1825,54.0
1826,2.0
1827,1.0
1828,1.0
1829,1.0
1830,1.0
1831,2.0
1832,2.0
1833,1.0
1834,1.0
1835,1.0
1836,32.0
1837,1.0
1838,1.0
1839,1.0
1840,1.0
1841,1.0
1842,1329.0
1843,1.0
1844,4.0
1845,1.0
1846,276.0
1847,2.0
1848,1.0
1849,1.0
1850,6894.0
1851,7.0
1852,27.0
1853,2.0
1854,2.0
1855,4.0
1856,4757.0
1857,1.0
1858,5.0
1859,2.0
1860,2.0
1861,40.0
1862,2.0
1863,6.0
1864,6.0
1865,1.0
1866,1.0
1867,2.0
1869,27.0
1870,4.0
1871,3.0
1872,3.0
1873,22.0
1874,2.0
1875,1.0
1876,11.0
1877,1.0
1878,1015.0
1879,1.0
1880,3.0
1882,2.0
1883,1.0
1884,1.0
1885,26142.0
1886,1.0
1887,1.0
1888,55663.0
1889,17267.0
1890,9348.0
1891,2.0
1892,22.0
1893,1.0
1894,3.0
1895,1.0
1896,1.0
1897,1.0
1898,1.0
1899,4.0
1900,1.0
1901,4.0
1902,1.0
1903,1.0
1904,1.0
1905,3.0
1906,4.0
1907,1.0
1908,2.0
1909,2.0
1910,14.0
1911,1.0
1912,1.0
1913,1.0
1914,4.0
1915,4.0
1916,1.0
1917,2.0
1918,4.0
1919,5.0
1920,10.0
1921,3.0
1922,1.0
1923,2.0
1924,9.0
1925,2.0
1926,2.0
1927,2.0
1928,3.0
1929,79.0
1930,3.0
1931,1.0
1932,200.0
1933,1.0
1934,6.0
1935,10.0
1936,8.0
1937,2.0
1938,1.0
1939,1.0
1940,146.0
1941,1.0
1942,2.0
1943,28.0
1944,1.0
1945,1.0
1946,6.0
1947,1.0
1948,1.0
1949,2.0
1950,4.0
1951,16.0
1952,12.0
1953,1445.0
1954,5.0
1955,1.0
1956,1.0
1957,2.0
1958,3.0
1959,55.0
1960,1.0
1961,308.0
1962,1.0
1964,2.0
1965,4.0
1966,1.0
1967,5.0
1968,30.0
1969,10.0
1970,188474.0
1971,2.0
1972,1.0
1973,1.0
1974,3.0
1975,1.0
1976,1.0
1977,5.0
1978,2.0
1979,1.0
1980,4.0
1981,512.0
1982,1.0
1983,1.0
1984,1.0
1985,1.0
1986,1.0
1987,24.0
1988,19.0
1989,6.0
1990,2.0
1991,1.0
1992,1.0
1993,3.0
1994,2.0
1995,1.0
1996,15.0
1997,22.0
1998,1.0
1999,6.0
2000,2.0
2001,3.0
2002,6.0
2003,3.0
2004,1.0
2005,2.0
2006,2.0
2007,3.0
2008,1.0
2009,14.0
2010,3.0
2011,1.0
2012,1.0
2013,2.0
2014,1.0
2015,6.0
2016,1.0
2017,2.0
2018,2.0
2019,7.0
2020,2.0
2021,1.0
2022,9.0
2023,1.0
2024,3.0
2025,1.0
2026,1.0
2027,1.0
2028,1.0
2029,1.0
2030,2.0
2031,4.0
2032,1.0
2033,18.0
2034,1.0
2035,1.0
2038,1.0
2039,1.0
2040,1.0
2041,18.0
2042,2.0
2043,3.0
2044,1.0
2045,6.0
2046,2.0
2047,7530.0
2048,1.0
2049,1.0
2050,3111.0
2051,2.0
2052,3.0
2053,1.0
2054,2.0
2055,1.0
2056,1.0
2057,4.0
2058,44.0
2059,1.0
2060,2.0
2061,3.0
2062,1.0
2063,1368.0
2064,2.0
2065,124.0
2066,3.0
2067,1.0
2068,54.0
2069,1.0
2070,1.0
2071,6.0
2072,308.0
2073,2.0
2074,1.0
2075,1.0
2076,1.0
2077,3.0
2078,3.0
2079,8.0
2080,2.0
2081,1.0
2082,4.0
2083,1.0
2084,1.0
2085,1.0
2086,1.0
2087,2.0
2088,1.0
2089,1.0
2090,1.0
2091,44.0
2092,1.0
2093,4.0
2094,1.0
2095,1.0
2096,1.0
2097,6.0
2098,5.0
2099,1.0
2100,1.0
2101,2.0
2102,1.0
2103,3.0
2104,1.0
2105,1.0
2106,430.0
2107,3.0
2108,2.0
2109,1.0
2110,6.0
2111,1.0
2112,18.0
2113,1.0
2114,1.0
2115,3.0
2116,1.0
2117,1.0
2118,1.0
2119,3.0
2120,1.0
2121,5.0
2122,1.0
2123,1.0
2124,1.0
2125,1.0
2126,1.0
2127,2.0
2128,32.0
2129,1246.0
2131,3.0
2132,1.0
2133,127.0
2135,3.0
2136,3.0
2137,1.0
2138,1.0
2139,257.0
2140,1.0
2141,6.0
2142,1.0
2143,255.0
2144,78.0
2145,7.0
2146,4.0
2147,1.0
2148,1.0
2149,1.0
2150,1.0
2151,1.0
2152,13.0
2153,1.0
2154,1.0
2155,6.0
2156,6.0
2157,30.0
2158,1.0
2159,1.0
2160,1.0
2161,1.0
2162,12.0
2163,1.0
2164,362.0
2165,12.0
2166,3.0
2167,1.0
2168,1.0
2169,9.0
2170,2.0
2171,1.0
2172,7.0
2173,1.0
2174,1.0
2175,2.0
2176,1.0
2177,2.0
2178,2.0
2179,4.0
2180,2.0
2181,3105.0
2182,1.0
2183,17.0
2185,9.0
2186,9.0
2187,10.0
2188,4.0
2189,1.0
2190,1.0
2191,1.0
2192,5.0
2193,24.0
2194,5.0
2195,1.0
2196,3.0
2197,377.0
2198,2.0
2199,1.0
2200,2.0
2201,17655.0
2202,22.0
2203,2.0
2204,1.0
2205,2.0
2206,3.0
2207,9.0
2208,18.0
2209,1.0
2210,1.0
2211,4.0
2212,30.0
2213,1.0
2214,36.0
2215,17.0
2216,1.0
2217,1.0
2218,1.0
2219,2.0
2220,75.0
2221,12.0
2222,6.0
2223,5.0
2224,1.0
2225,56.0
2226,3.0
2227,1.0
2228,2.0
2229,1.0
2230,6.0
2231,64825.0
2232,2.0
2233,54.0
2234,2.0
2235,2.0
2236,2.0
2237,4.0
2238,5.0
2239,1.0
2240,79.0
2241,2.0
2242,58.0
2243,3.0
2244,1.0
2245,3.0
2246,2.0
2247,3.0
2248,1.0
2249,2.0
2250,64825.0
2251,1.0
2252,2.0
2253,2.0
2254,1.0
2255,1.0
2256,2.0
2257,1.0
2258,1.0
2259,2.0
2260,1.0
2261,2.0
2262,6.0
2263,208.0
2264,2.0
2265,1.0
2266,1.0
2267,2.0
2268,2.0
2269,1.0
2270,1.0
2271,1.0
2272,1.0
2273,1.0
2274,3.0
2275,6.0
2276,1.0
2277,3.0
2278,1.0
2279,14350.0
2280,1.0
2282,7.0
2283,1.0
2284,3.0
2285,1.0
2286,5.0
2287,1.0
2288,1.0
2289,1.0
2290,34.0
2291,176421.0
2292,1.0
2293,1.0
2294,11.0
2295,1.0
2296,322.0
2297,2.0
2298,1.0
2299,2.0
2300,4.0
2301,8135.0
2302,1.0
2303,1.0
2304,1.0
2305,4.0
2306,3.0
2307,1.0
2308,1.0
2309,1.0
2310,1.0
2311,1.0
2312,3.0
2313,2.0
2314,1.0
2315,9.0
2316,1.0
2317,1.0
2318,16.0
2319,3.0
2320,1.0
2321,1.0
2322,19.0
2323,3.0
2324,39.0
2325,6.0
2326,2.0
2327,15.0
2328,1.0
2329,9.0
2330,3.0
2331,1.0
2332,5.0
2335,5.0
2336,1.0
2337,1.0
2338,1.0
2339,1.0
2340,4.0
2341,1.0
2342,2.0
2343,1.0
2344,4.0
2345,5.0
2346,2.0
2347,12.0
2348,2.0
2349,1.0
2350,16.0
2351,16.0
2353,2.0
2354,47.0
2355,4.0
2356,1.0
2357,7.0
2358,14350.0
2359,64825.0
2360,1.0
2361,3.0
2362,1.0
2363,1.0
2364,3.0
2365,2.0
2366,1.0
2367,11.0
2368,2.0
2369,1.0
2370,7.0
2371,1.0
2372,4370.0
2373,3.0
2374,1.0
2375,1.0
2376,1.0
2377,1.0
2378,2.0
2379,2.0
2380,1.0
2381,57.0
2382,12.0
2383,1.0
2384,1.0
2385,8.0
2386,1.0
2387,1.0
2388,1.0
2389,3.0
2390,364.0
2391,2.0
2392,493.0
2393,3.0
2394,1.0
2395,2.0
2396,2.0
2397,1.0
2398,117.0
2399,1.0
2401,1.0
2402,3.0
2403,1.0
2404,1.0
2405,4.0
2406,111.0
2407,1.0
2408,6.0
2409,4.0
2410,3.0
2411,12.0
2412,1.0
2413,9.0
2414,2.0
2415,2.0
2416,2.0
2417,1.0
2418,11.0
2419,2.0
2420,26.0
2421,1.0
2422,6.0
2423,1.0
2424,6.0
2425,1.0
2426,37.0
2427,1.0
2428,714.0
2429,1.0
2430,1.0
2431,1.0
2432,5247.0
2433,5.0
2434,72.0
2435,2.0
2436,2.0
2437,1.0
2438,25.0
2439,167.0
2440,1.0
2441,426.0
2442,74.0
2443,4.0
2444,7235.0
2445,1.0
2446,13.0
2447,2.0
2448,6.0
2449,11.0
2450,3.0
2451,1.0
2452,4.0
2453,3.0
2454,4.0
2456,1.0
2457,47.0
2458,8.0
2459,1.0
2460,426.0
2461,14.0
2462,2.0
2463,1.0
2464,1.0
2465,32187.0
2466,1.0
2467,38.0
2468,2.0
2469,2.0
2470,7.0
2471,5.0
2472,5.0
2473,7.0
2474,1.0
2475,1.0
2476,5.0
2477,1.0
2478,1.0
2479,6.0
2480,1.0
2481,1.0
2482,2.0
2483,1.0
2484,2.0
2485,27826.0
2486,1.0
2487,2.0
2488,1.0
2489,2.0
2490,161.0
2491,1.0
2492,1.0
2493,9.0
2494,1.0
2495,1.0
2496,6.0
2497,80.0
2498,1.0
2499,142.0
2500,2.0
2501,3.0
2502,6.0
2503,1.0
2504,44.0
2505,1.0
2506,10.0
2507,1.0
2508,6.0
2510,1.0
2511,10832.0
2512,6.0
2513,3.0
2514,15.0
2515,3.0
2516,1.0
2517,2.0
2518,1.0
2519,322.0
2520,1.0
2521,2.0
2522,2.0
2523,6497.0
2524,1.0
2525,7.0
2526,2.0
2527,1.0
2528,383.0
2529,1.0
2530,379.0
2531,1.0
2532,14.0
2533,152.0
2534,5.0
2535,12.0
2536,4.0
2537,2.0
2538,64.0
2539,17.0
2540,6.0
2541,1.0
2542,4.0
2543,1.0
2544,1.0
2545,1.0
2546,3.0
2547,21.0
2548,22.0
2549,1.0
2550,1.0
2551,1.0
2552,1.0
2553,4.0
2554,1.0
2555,49.0
2556,3.0
2557,4.0
2558,13.0
2559,2.0
2560,3.0
2561,4.0
2562,1.0
2563,1.0
2564,2.0
2565,1.0
2566,1.0
2567,23.0
2568,1.0
2569,1.0
2570,1.0
2571,1.0
2572,5.0
2573,1.0
2574,19.0
2575,4792.0
2576,2.0
2577,7.0
2578,3.0
2579,3.0
2580,1.0
2581,150.0
2582,1.0
2583,1.0
2584,3.0
2585,1.0
2586,30.0
2587,5.0
2588,1.0
2589,1.0
2590,1.0
2591,12392.0
2592,3.0
2593,1.0
2594,34.0
2595,11.0
2596,27.0
2597,1.0
2598,1.0
2599,1.0
2601,7.0
2602,1.0
2603,2.0
2604,1.0
2605,2.0
2606,10387.0
2607,9.0
2608,2.0
2609,1.0
2610,1.0
2611,16.0
2612,1.0
2613,1.0
2614,2.0
2615,17.0
2616,146.0
2617,1.0
2618,1.0
2619,6.0
2621,5.0
2622,3.0
2623,2.0
2624,16.0
2625,17.0
2626,4.0
2627,5.0
2628,9.0
2629,1.0
2630,1.0
2631,3.0
2632,3.0
2633,1.0
2634,3.0
2635,38.0
2636,1.0
2637,3.0
2638,1.0
2639,1.0
2640,1.0
2641,2.0
2642,1.0
2643,4.0
2644,5.0
2645,1.0
2646,3.0
2647,3.0
2648,3.0
2649,2.0
2650,1.0
2651,4.0
2652,2.0
2653,13.0
2654,3.0
2655,2.0
2656,1.0
2657,5.0
2658,1.0
2659,4.0
2660,1.0
2661,2.0
2662,1.0
2663,1.0
2664,7.0
2665,1.0
2666,1.0
2667,2.0
2668,13.0
2669,30.0
2670,2.0
2671,17.0
2672,18.0
2673,262.0
2675,7904.0
2677,1681.0
2678,2.0
2679,5.0
2680,2.0
2681,2.0
2682,1.0
2683,14.0
2684,4.0
2685,1.0
2686,1.0
2687,2.0
2688,10.0
2689,1.0
2690,21.0
2691,3.0
2692,1.0
2693,5.0
2694,6.0
2696,7.0
2697,2.0
2698,1.0
2699,1.0
2700,1.0
2701,4.0
2702,11.0
2703,3.0
2704,2.0
2705,1.0
2706,2.0
2707,4.0
2708,1.0
2709,52.0
2710,2.0
2712,22.0
2713,4.0
2714,17655.0
2715,1.0
2716,2.0
2717,31.0
2718,25.0
2719,10.0
2720,10.0
2721,1.0
2722,18.0
2723,5.0
2724,1.0
2725,96.0
2726,1.0
2727,2.0
2728,10.0
2729,6.0
2730,1.0
2731,789.0
2733,13549.0
2734,49.0
2735,3.0
2736,1.0
2737,2.0
2738,8.0
2739,1.0
2740,1.0
2741,1.0
2742,3.0
2743,1.0
2744,2.0
2745,1.0
2746,5.0
2747,3.0
2748,1.0
2749,14.0
2750,1.0
2751,1.0
2752,1.0
2753,49.0
2754,1.0
2755,1.0
2756,1.0
2758,7.0
2759,2.0
2760,5.0
2761,1.0
2762,2.0
2763,1.0
2764,24.0
2765,1.0
2766,1.0
2767,5.0
2768,33.0
2769,498.0
2770,5.0
2771,16.0
2772,1.0
2773,1.0
2774,1.0
2775,5.0
2777,7.0
2778,17.0
2779,10.0
2780,13.0
2781,36773.0
2782,10.0
2783,3.0
2784,273.0
2785,1.0
2786,8.0
2787,5.0
2788,4.0
2789,1.0
2790,4.0
2791,2.0
2792,4.0
2793,14.0
2794,15.0
2795,17.0
2796,13.0
2797,1.0
2798,1.0
2799,2.0
2800,2.0
2801,6.0
2802,1.0
2803,161.0
2804,3.0
2805,1.0
2806,11.0
2807,4.0
2808,9.0
2809,5.0
2810,38264.0
2811,1.0
2812,1.0
2813,1.0
2814,34.0
2815,1.0
2816,1.0
2817,6.0
2818,1.0
2819,6.0
2820,1.0
2821,1.0
2822,1.0
2823,1.0
2824,24.0
2825,1.0
2826,1.0
2827,1.0
2828,4.0
2829,2.0
2830,1.0
2831,1.0
2832,1.0
2833,1.0
2834,6.0
2835,1.0
2836,1.0
2837,1.0
2838,4.0
2839,1.0
2840,1.0
2841,5.0
2842,809.0
2843,2.0
2844,36682.0
2845,4.0
2846,1.0
2847,1.0
2848,48.0
2849,1.0
2850,4.0
2851,1.0
2852,2.0
2853,458.0
2854,2.0
2855,1918.0
2856,1.0
2857,1.0
2858,3.0
2859,1.0
2860,1.0
2861,2.0
2862,8859.0
2863,1.0
2864,117.0
2865,2.0
2866,2.0
2867,4.0
2868,7678.0
2869,2.0
2870,1.0
2871,1.0
2872,1.0
2873,2.0
2874,1.0
2875,1.0
2876,1.0
2877,1.0
2878,1.0
2879,1.0
2880,4.0
2881,2.0
2882,1.0
2883,1.0
2884,1.0
2885,1.0
2886,2.0
2887,1.0
2888,1.0
2889,1.0
2890,3.0
2891,10.0
2892,1.0
2893,3.0
2894,4.0
2895,1.0
2896,2.0
2897,1.0
2898,5.0
2899,18.0
2900,26.0
2901,72.0
2902,1.0
2903,1.0
2904,3.0
2905,4.0
2906,196.0
2907,1.0
2908,38264.0
2909,1.0
2910,5.0
2911,1.0
2912,2.0
2913,1.0
2914,1.0
2915,175.0
2916,6.0
2917,1.0
2918,1.0
2919,1.0
2920,3.0
2921,1.0
2922,1.0
2923,1.0
2924,1.0
2925,4.0
2926,3.0
2927,3.0
2928,7.0
2929,1.0
2930,1195.0
2932,1.0
2933,2707.0
2934,2.0
2935,1.0
2936,3.0
2938,6.0
2939,1.0
2941,4.0
2942,2.0
2943,6.0
2944,2.0
2945,1.0
2946,1.0
2947,1.0
2948,1.0
2949,1.0
2950,3.0
2951,1.0
2952,1.0
2953,1.0
2954,2.0
2955,1.0
2956,62.0
2957,622.0
2958,1.0
2959,1.0
2960,6946.0
2961,13.0
2962,10.0
2963,1.0
2964,1.0
2965,1.0
2966,1.0
2967,1.0
2968,8.0
2969,1.0
2970,2.0
2971,1.0
2972,1.0
2973,1.0
2974,12.0
2975,1.0
2976,2.0
2977,6.0
2978,8.0
2979,2.0
2980,1.0
2981,49.0
2982,1.0
2984,48639.0
2985,1.0
2986,2.0
2987,1.0
2988,56.0
2989,1.0
2990,6.0
2991,4.0
2992,2.0
2993,14.0
2994,1.0
2995,1.0
2996,1.0
2997,1.0
2998,1.0
2999,2.0
3000,2.0
3001,1.0
3002,1.0
3003,2.0
3004,2.0
3005,1.0
3006,2.0
3007,19.0
3008,1.0
3009,1.0
3010,1.0
3011,7.0
3012,1.0
3013,64.0
3014,24.0
3015,1.0
3016,1.0
3017,5.0
3019,1.0
3020,2.0
3021,1.0
3022,1.0
3023,1.0
3024,8.0
3025,6.0
3026,2.0
3027,1.0
3028,1.0
3029,1.0
3030,2.0
3031,2.0
3032,1.0
3033,13.0
3034,15.0
3035,1.0
3036,162.0
3038,3.0
3039,1.0
3040,1.0
3041,3.0
3042,14.0
3043,1.0
3044,6.0
3045,3.0
3046,3.0
3047,3.0
3048,1.0
3049,1.0
3050,1.0
3051,1.0
3052,2.0
3053,1.0
3054,2.0
3055,1.0
3056,14.0
3057,3.0
3058,1.0
3059,10.0
3060,3.0
3061,32.0
3062,1.0
3063,1.0
3064,2.0
3066,1.0
3067,4.0
3068,4.0
3069,2.0
3070,10.0
3071,1.0
3072,1.0
3073,8.0
3074,1.0
3075,16.0
3076,1.0
3077,265.0
3078,1.0
3079,133052.0
3080,1.0
3081,1.0
3082,1.0
3083,1.0
3084,1.0
3085,1.0
3086,15.0
3087,15.0
3088,5.0
3089,1.0
3090,3.0
3091,1.0
3092,3.0
3093,4.0
3094,10.0
3095,1.0
3096,3.0
3097,68.0
3098,1.0
3099,10.0
3100,2.0
3101,1.0
3102,1.0
3103,1.0
3104,37895.0
3105,1.0
3106,377.0
3107,1.0
3108,10.0
3109,1.0
3110,24221.0
3111,1.0
3112,3.0
3113,1.0
3114,2.0
3115,1.0
3116,3.0
3117,5.0
3118,17.0
3119,1.0
3120,1.0
3121,1.0
3122,18.0
3123,1.0
3125,2.0
3126,1.0
3127,2.0
3128,7.0
3129,1.0
3130,24221.0
3131,7.0
3132,2.0
3133,2.0
3134,2.0
3135,1.0
3136,8.0
3137,1.0
3138,1.0
3139,2.0
3140,1.0
3141,9.0
3142,1.0
3143,3.0
3144,17.0
3145,10.0
3146,1.0
3147,3.0
3148,1.0
3149,27.0
3150,313.0
3151,1.0
3152,1.0
3153,1.0
3154,704516.0
3155,1.0
3156,1.0
3157,2.0
3158,24.0
3159,1.0
3160,9596.0
3161,1.0
3162,1.0
3163,14.0
3164,33.0
3165,1.0
3166,1.0
3167,1.0
3168,1.0
3169,13.0
3170,1.0
3171,34.0
3172,4.0
3173,1.0
3174,2.0
3175,134.0
3176,6090.0
3177,17.0
3178,1.0
3179,32.0
3180,3102.0
3181,5.0
3182,103.0
3183,2.0
3184,5.0
3185,21.0
3186,6.0
3187,2.0
3188,25.0
3189,9.0
3190,1.0
3191,493.0
3192,1.0
3193,1.0
3194,1.0
3195,1.0
3196,1754.0
3197,2.0
3198,1.0
3199,1.0
3200,785.0
3201,1.0
3202,43534.0
3203,6.0
3204,5.0
3205,16126.0
3206,1.0
3207,2.0
3208,1.0
3209,1.0
3210,1.0
3211,3.0
3212,1.0
3213,4.0
3214,16.0
3215,3.0
3216,1.0
3217,2.0
3218,11.0
3219,2.0
3220,1.0
3221,1.0
3222,1.0
3223,1.0
3224,1.0
3225,1.0
3226,1.0
3227,3.0
3228,1.0
3229,1.0
3230,1.0
3231,6.0
3232,1.0
3233,97.0
3234,6.0
3235,5.0
3236,1.0
3237,1.0
3238,1.0
3239,15.0
3240,54440.0
3241,1.0
3242,1.0
3243,32.0
3244,1.0
3245,3.0
3246,1.0
3247,26.0
3248,1.0
3249,1.0
3250,3786.0
3251,7.0
3252,1.0
3253,1.0
3254,3.0
3255,1.0
3256,1.0
3257,2.0
3258,102.0
3259,1.0
3260,1.0
3261,1.0
3263,1.0
3264,6.0
3265,2877.0
3266,107.0
3267,3.0
3268,3.0
3269,1.0
3270,2.0
3271,1.0
3272,2.0
3273,3.0
3274,1.0
3275,9.0
3276,1.0
3277,3.0
3278,2.0
3279,3.0
3280,26.0
3281,1.0
3282,1.0
3283,1.0
3284,34.0
3285,2.0
3286,1.0
3287,1.0
3288,13.0
3289,5.0
3290,1.0
3291,1.0
3292,21767.0
3293,1.0
3294,1.0
3295,14.0
3296,1.0
3297,3.0
3298,2.0
3299,1.0
3300,130.0
3301,1.0
3302,1.0
3303,4.0
3304,7.0
3306,6.0
3307,1.0
3308,6.0
3309,8.0
3310,1.0
3311,2.0
3312,1.0
3313,2.0
3314,4.0
3315,1.0
3316,1.0
3317,1.0
3318,1462.0
3319,2.0
3320,55663.0
3321,12.0
3322,2.0
3323,87.0
3324,1.0
3325,4.0
3326,12567.0
3327,1.0
3328,1.0
3329,1.0
3330,3.0
3331,1.0
3332,1.0
3333,1.0
3334,5.0
3335,1.0
3336,1.0
3337,14.0
3338,1.0
3339,6.0
3340,1.0
3341,4.0
3342,18.0
3343,1.0
3344,1.0
3345,2.0
3346,11.0
3347,1.0
3348,2.0
3349,3.0
3350,10.0
3351,1.0
3352,1.0
3353,1.0
3354,73.0
3355,1.0
3356,2.0
3357,1.0
3358,1.0
3359,1.0
3360,372.0
3361,2.0
3362,2.0
3363,3.0
3364,6.0
3365,3.0
3366,3.0
3367,5.0
3368,1.0
3369,2.0
3371,1.0
3372,1.0
3373,1.0
3374,1.0
3375,1.0
3376,1.0
3377,2.0
3378,32.0
3379,1.0
3380,2.0
3381,4.0
3382,5.0
3383,2.0
3384,13.0
3385,1.0
3387,1.0
3388,4.0
3389,4005.0
3390,5.0
3392,1.0
3393,1.0
3394,1.0
3395,14.0
3396,1.0
3397,7.0
3398,9936.0
3399,1.0
3400,4.0
3401,3.0
3402,14.0
3403,10.0
3404,6.0
3405,1.0
3406,10.0
3407,1.0
3408,2.0
3409,1.0
3410,5.0
3411,7.0
3412,9.0
3413,1.0
3414,1.0
3415,1.0
3416,1681.0
3417,1.0
3418,1.0
3419,5.0
3420,4.0
3421,2.0
3422,2.0
3423,5.0
3424,1.0
3425,32.0
3426,1.0
3427,5.0
3428,1.0
3430,4.0
3431,1.0
3432,3.0
3433,6.0
3434,9.0
3435,51.0
3436,2.0
3437,2.0
3438,9.0
3439,442.0
3440,1.0
3441,6.0
3442,1.0
3443,1.0
3444,6.0
3445,1.0
3446,2.0
3447,1.0
3448,4.0
3449,2.0
3450,1.0
3451,3.0
3452,1.0
3453,3.0
3454,1.0
3455,1.0
3456,3.0
3457,1.0
3458,1.0
3459,1.0
3460,3.0
3461,7.0
3462,3.0
3463,125.0
3464,3.0
3465,1.0
3466,1.0
3467,25.0
3468,1.0
3469,7.0
3470,1.0
3471,1.0
3472,9.0
3473,2.0
3474,3008.0
3475,5.0
3476,111.0
3477,2.0
3478,2.0
3479,37.0
3480,2.0
3481,20.0
3482,1.0
3483,2.0
3484,1.0
3485,4.0
3486,3.0
3487,1.0
3488,1.0
3489,24.0
3490,2.0
3491,3.0
3492,32.0
3493,2.0
3494,6.0
3495,1.0
3496,4.0
3497,1195.0
3499,4.0
3500,16.0
3501,2.0
3502,12.0
3503,21.0
3504,4.0
3505,2.0
3506,5.0
3507,1.0
3508,5.0
3509,3.0
3510,683.0
3511,1.0
3512,385.0
3513,1.0
3514,15.0
3515,4.0
3516,7.0
3517,2.0
3519,109.0
3520,1.0
3521,1.0
3522,9.0
3523,5.0
3524,4.0
3525,1.0
3526,1.0
3527,5.0
3528,3.0
3529,1.0
3530,109.0
3531,1.0
3532,133052.0
3533,2.0
3534,1.0
3535,11.0
3536,1.0
3537,87.0
3538,1.0
3539,837.0
3540,16.0
3541,1.0
3542,5.0
3543,1.0
3544,1.0
3545,1.0
3546,1.0
3547,192.0
3548,19171.0
3549,1.0
3550,12.0
3551,157.0
3552,11.0
3553,1.0
3554,7.0
3556,1.0
3558,5.0
3559,5.0
3560,2.0
3561,10.0
3562,1.0
3563,1.0
3564,1583846.0
3565,9312.0
3566,1.0
3567,4.0
3568,1.0
3569,2.0
3570,17.0
3572,3.0
3573,7.0
3574,1.0
3575,13.0
3576,1.0
3577,1.0
3578,4.0
3579,1.0
3580,2.0
3581,1.0
3582,1.0
3583,1.0
3584,1.0
3586,1.0
3587,2.0
3588,3.0
3589,1.0
3590,1.0
3591,1.0
3592,1.0
3593,308.0
3594,2.0
3595,1.0
3596,3.0
3597,1.0
3598,1.0
3599,1.0
3600,17655.0
3602,1.0
3603,1.0
3604,2.0
3605,2.0
3606,38.0
3608,2.0
3609,1.0
3610,1.0
3611,2.0
3612,13.0
3613,1.0
3614,1.0
3615,1.0
3616,1.0
3617,1.0
3618,1.0
3619,9.0
3620,1.0
3621,2.0
3622,1.0
3623,1.0
3624,13.0
3625,11.0
3626,1.0
3627,1.0
3628,8114.0
3629,3.0
3630,4.0
3631,1.0
3632,1.0
3633,2.0
3634,3.0
3635,1.0
3636,22.0
3637,1.0
3638,22.0
3639,5.0
3640,11.0
3641,15.0
3642,2.0
3643,28.0
3644,1.0
3645,1.0
3646,1.0
3648,4.0
3649,3105.0
3650,851.0
3651,5.0
3652,1.0
3653,12.0
3654,1.0
3655,276.0
3656,12.0
3657,1.0
3658,2.0
3659,1.0
3660,1.0
3661,9.0
3662,1.0
3663,2.0
3664,1.0
3665,1.0
3666,64825.0
3667,2.0
3668,1.0
3669,2.0
3670,2.0
3671,1.0
3672,1.0
3673,2.0
3674,16.0
3675,8.0
3676,1.0
3677,14.0
3678,4.0
3679,20.0
3680,1.0
3681,770.0
3682,2.0
3683,1.0
3684,6.0
3685,6.0
3686,1.0
3687,3.0
3688,9936.0
3689,1.0
3690,3.0
3691,29.0
3692,2.0
3693,1.0
3694,4.0
3695,8.0
3696,53.0
3697,2.0
3698,1.0
3699,75.0
3700,1.0
3701,2.0
3702,1.0
3703,1.0
3704,1.0
3705,15.0
3706,14863.0
3707,59.0
3708,1.0
3709,1.0
3710,4.0
3711,1.0
3712,1.0
3713,9.0
3714,11.0
3715,1.0
3716,1.0
3717,1.0
3718,21.0
3719,1.0
3720,1.0
3721,1.0
3722,1.0
3723,16.0
3724,1.0
3725,1.0
3726,5.0
3727,5.0
3728,5.0
3729,1.0
3730,1.0
3731,3.0
3732,3.0
3733,809.0
3734,1.0
3735,1.0
3736,1.0
3737,30.0
3738,2.0
3739,2.0
3740,723.0
3741,24.0
3742,7.0
3743,2.0
3744,2.0
3745,1.0
3746,12.0
3747,6.0
3748,145.0
3749,8.0
3750,2.0
3751,2.0
3752,2.0
3753,1.0
3754,2.0
3755,4.0
3756,6.0
3757,2.0
3758,1.0
3759,439.0
3760,1.0
3761,17.0
3762,1.0
3763,2.0
3764,1.0
3765,1.0
3766,33.0
3767,1.0
3768,34.0
3769,1.0
3770,1.0
3771,1.0
3772,4.0
3773,1.0
3774,11.0
3775,1.0
3776,1.0
3777,1.0
3778,1.0
3779,1.0
3780,1.0
3781,8.0
3782,1.0
3783,3.0
3784,1.0
3785,1.0
3786,95.0
3787,11.0
3788,1.0
3789,8.0
3790,15.0
3791,3.0
3792,1.0
3793,4.0
3794,1.0
3795,3.0
3796,2.0
3797,2.0
3798,4.0
3799,95.0
3800,1.0
3801,1.0
3802,27.0
3803,3.0
3804,133052.0
3805,18.0
3806,1.0
3807,7.0
3808,5.0
3809,1.0
3810,1.0
3811,1.0
3812,1.0
3813,3.0
3814,26.0
3815,21.0
3816,2.0
3817,1.0
3818,1.0
3819,1.0
3821,17.0
3822,1.0
3823,11.0
3824,1.0
3825,1.0
3826,42.0
3827,2.0
3828,10.0
3829,1.0
3830,6.0
3831,5.0
3832,2.0
3835,12.0
3836,5.0
3837,1.0
3838,13.0
3839,1.0
3840,1.0
3841,21.0
3842,1.0
3843,1.0
3844,1.0
3845,1.0
3846,1.0
3847,1.0
3848,2.0
3849,3.0
3850,3.0
3851,1.0
3852,125.0
3853,2.0
3855,11.0
3856,1.0
3858,13.0
3860,6.0
3861,8.0
3862,6.0
3863,1.0
3864,15.0
3865,22.0
3866,1.0
3867,1.0
3869,1.0
3871,1.0
3872,30.0
3873,2.0
3874,3.0
3875,2.0
3876,3.0
3877,1.0
3878,8.0
3879,1.0
3880,1.0
3881,3.0
3882,2.0
3883,16.0
3884,2.0
3885,1.0
3886,1.0
3887,7.0
3888,1.0
3889,3.0
3890,1.0
3891,15.0
3892,1.0
3893,2.0
3894,95.0
3895,1.0
3896,1.0
3897,55.0
3898,175.0
3899,3.0
3900,1.0
3901,10746.0
3902,2.0
3903,18.0
3904,1.0
3905,74.0
3906,1.0
3907,2.0
3908,1.0
3909,1.0
3910,3.0
3911,8.0
3912,3.0
3913,3.0
3914,6946.0
3915,1497349.0
3916,1.0
3917,9.0
3918,103.0
3919,1.0
3920,1.0
3921,3.0
3922,2.0
3923,3.0
3924,426.0
3925,3.0
3926,9.0
3928,3.0
3929,1.0
3930,1.0
3931,228.0
3932,12.0
3933,1.0
3934,1.0
3935,1.0
3936,1.0
3939,1.0
3940,3.0
3941,7.0
3942,12.0
3943,1.0
3944,3.0
3945,19.0
3946,6.0
3947,1897.0
3948,2.0
3949,2.0
3950,162.0
3951,4.0
3952,2.0
3953,1.0
3954,25.0
3955,1.0
3956,1.0
3957,3.0
3958,5.0
3959,1.0
3960,1.0
3961,1.0
3962,11777.0
3963,44.0
3964,22040.0
3965,1.0
3966,2.0
3967,3.0
3968,2.0
3969,3.0
3970,2.0
3971,3.0
3972,1.0
3973,2.0
3974,1.0
3975,17.0
3976,1.0
3977,2.0
3978,1.0
3979,1.0
3980,10.0
3981,20947.0
3982,2.0
3983,1.0
3984,15.0
3985,3.0
3986,1.0
3987,1.0
3988,3218.0
3989,921.0
3990,1.0
3991,1.0
3992,2.0
3993,39.0
3994,8.0
3995,2.0
3996,785.0
3997,4.0
3998,2.0
3999,4.0
4000,1.0
4001,4.0
4002,196.0
4003,1.0
4004,5.0
4005,2.0
4006,1.0
4007,7.0
4008,1.0
4009,2.0
4010,1.0
4011,1.0
4012,2.0
4013,5.0
4014,1.0
4015,1.0
4016,2.0
4017,1.0
4018,92955.0
4019,1.0
4020,2.0
4021,1.0
4022,2.0
4023,16.0
4024,1.0
4025,2.0
4026,6.0
4027,1.0
4028,1.0
4029,3.0
4030,7.0
4031,1.0
4032,2.0
4033,1.0
4034,1.0
4035,1.0
4036,1.0
4037,6.0
4038,1.0
4039,3.0
4040,1.0
4041,3.0
4042,1.0
4043,48.0
4044,1.0
4045,1.0
4046,42.0
4047,4.0
4048,9.0
4049,2.0
4050,1.0
4051,5.0
4052,7.0
4053,1.0
4054,10.0
4055,6.0
4056,1.0
4057,5.0
4058,4.0
4059,2.0
4060,1.0
4061,9.0
4062,6.0
4063,1.0
4064,2.0
4065,4757.0
4066,1.0
4067,1.0
4068,11.0
4069,1.0
4070,2.0
4071,3.0
4072,2.0
4073,34.0
4074,1.0
4075,4.0
4076,10.0
4077,2.0
4078,1.0
4079,5.0
4080,6.0
4081,55.0
4082,2.0
4083,2.0
4084,1.0
4085,1.0
4086,2.0
4087,2.0
4088,1.0
4089,7.0
4090,3.0
4091,23.0
4092,1.0
4093,3.0
4094,134.0
4095,442.0
4096,6.0
4097,1.0
4098,2.0
4099,2.0
4100,3.0
4101,28.0
4102,3.0
4103,1.0
4104,2.0
4105,8.0
4106,95.0
4107,1.0
4108,1.0
4109,6.0
4110,1.0
4111,2.0
4112,1.0
4113,3.0
4114,985.0
4115,22.0
4116,1.0
4117,1.0
4118,1.0
4119,1.0
4121,78.0
4122,4.0
4123,1.0
4124,2.0
4125,1.0
4126,1.0
4127,1.0
4128,1.0
4129,1.0
4130,9.0
4131,1.0
4132,2.0
4133,6.0
4134,55.0
4135,7.0
4136,1.0
4137,1.0
4138,3.0
4139,2.0
4140,1.0
4141,6.0
4142,1.0
4144,1.0
4145,1.0
4146,2.0
4147,2.0
4148,196.0
4149,2.0
4150,22040.0
4151,1.0
4152,1.0
4153,3.0
4154,1.0
4155,1.0
4156,1.0
4157,3.0
4158,3.0
4159,1.0
4160,2.0
4161,1.0
4162,5.0
4163,1.0
4165,1.0
4166,1.0
4167,1.0
4168,919.0
4169,1.0
4170,2.0
4171,55.0
4172,15.0
4173,2.0
4174,3.0
4175,1.0
4176,3.0
4177,1.0
4178,5.0
4179,15.0
4180,1.0
4181,1.0
4182,1.0
4183,1.0
4184,17.0
4185,6.0
4186,8.0
4187,2.0
4188,1.0
4189,1.0
4190,3.0
4191,3.0
4192,4.0
4193,9.0
4194,1.0
4195,1.0
4196,1.0
4197,1.0
4198,2.0
4199,2.0
4200,10.0
4201,2.0
4202,1.0
4203,1.0
4204,8.0
4205,37185.0
4206,9.0
4207,2.0
4208,4.0
4209,1.0
4210,44.0
4211,1.0
4212,1.0
4213,2.0
4214,1.0
4215,3.0
4216,1181.0
4217,1.0
4218,1.0
4219,2.0
4220,1.0
4221,1.0
4222,1.0
4223,1.0
4224,2.0
4225,1.0
4226,1.0
4227,6.0
4228,111.0
4229,1.0
4230,1.0
4231,55.0
4232,1.0
4233,2.0
4234,2.0
4235,4.0
4236,1.0
4237,2.0
4238,14.0
4239,9.0
4240,11.0
4241,30.0
4242,2.0
4243,2.0
4244,20.0
4245,3.0
4246,2.0
4247,27.0
4248,18.0
4249,3.0
4251,6.0
4252,2.0
4253,6.0
4254,4.0
4255,11.0
4256,12.0
4257,1.0
4258,1.0
4259,1.0
4260,2776.0
4261,72.0
4262,8.0
4263,21339.0
4264,1.0
4265,1.0
4266,1.0
4267,5.0
4268,4.0
4269,1.0
4270,2.0
4271,3.0
4272,4.0
4273,3.0
4274,51.0
4275,2.0
4276,1.0
4277,2.0
4278,1.0
4279,4.0
4280,1.0
4281,1.0
4282,1.0
4283,32097.0
4284,11.0
4285,5.0
4286,4.0
4287,1.0
4288,864.0
4289,1.0
4290,194.0
4291,1.0
4292,1.0
4293,2.0
4294,1.0
4295,6.0
4296,8.0
4297,1.0
4298,1.0
4299,1.0
4300,2.0
4301,40.0
4302,5687.0
4303,2.0
4304,1.0
4305,6.0
4306,1.0
4307,1.0
4308,2.0
4309,170.0
4310,4.0
4311,11.0
4312,1.0
4313,3.0
4314,1.0
4315,5478.0
4316,1.0
4317,4.0
4318,1.0
4319,2.0
4320,18.0
4321,1.0
4322,1.0
4324,7.0
4325,1.0
4326,1.0
4327,1.0
4328,44.0
4330,6894.0
4331,5.0
4332,30.0
4333,1.0
4334,8.0
4335,1.0
4336,15.0
4337,2.0
4338,1.0
4339,2.0
4340,1.0
4341,3.0
4342,1.0
4343,1.0
4344,1.0
4345,1.0
4346,13.0
4347,1.0
4348,7.0
4349,33.0
4350,5.0
4351,1.0
4352,1.0
4353,2.0
4354,22.0
4355,2.0
4356,2.0
4357,22.0
4358,1.0
4359,3.0
4360,1.0
4361,9.0
4362,6.0
4363,1.0
4364,3.0
4365,2.0
4366,22.0
4367,2.0
4368,1.0
4369,1.0
4370,9.0
4371,1.0
4372,2.0
4373,17183.0
4374,2.0
4375,4.0
4376,1.0
4377,1.0
4378,5.0
4379,2.0
4380,3.0
4381,1.0
4382,1.0
4383,8.0
4384,2.0
4385,2.0
4386,2.0
4387,1.0
4388,1.0
4389,1.0
4390,200.0
4391,22.0
4392,4.0
4393,14.0
4394,313.0
4395,16.0
4396,6.0
4397,1.0
4398,3.0
4399,2.0
4400,2.0
4402,6.0
4403,1.0
4404,1.0
4405,1.0
4406,8.0
4407,2.0
4409,3.0
4410,1.0
4411,1.0
4412,2.0
4413,4.0
4414,7.0
4415,8.0
4416,7678.0
4417,40.0
4418,1.0
4419,3.0
4420,2.0
4421,1.0
4422,15.0
4423,7.0
4424,6268.0
4425,1.0
4426,1.0
4427,4.0
4428,2.0
4429,1.0
4430,1.0
4431,1.0
4432,1.0
4433,4.0
4434,430.0
4435,4.0
4436,1.0
4437,4.0
4438,1.0
4439,5.0
4440,4.0
4441,4.0
4442,6.0
4443,1.0
4444,1.0
4445,2.0
4446,3.0
4447,2.0
4448,2.0
4449,11.0
4450,1.0
4451,3.0
4452,2.0
4453,1.0
4454,2.0
4455,14.0
4456,1.0
4457,30.0
4458,1.0
4459,1.0
4460,2.0
4461,1.0
4462,4.0
4463,2.0
4464,3.0
4465,1.0
4468,4.0
4469,48626.0
4470,1.0
4471,1.0
4472,203.0
4473,1.0
4474,1.0
4475,7.0
4476,4.0
4477,1.0
4478,24.0
4479,1.0
4480,32.0
4481,355.0
4482,2.0
4483,4.0
4484,2.0
4485,377.0
4486,4.0
4487,2.0
4488,1.0
4489,1.0
4490,1.0
4491,8.0
4492,1.0
4493,19.0
4494,2287.0
4495,10.0
4496,1.0
4497,3.0
4498,1.0
4499,3.0
4500,2.0
4501,1.0
4502,1.0
4503,1.0
4504,1.0
4505,1.0
4506,8.0
4507,1.0
4508,3.0
4509,34.0
4510,8.0
4511,8.0
4512,48.0
4513,1.0
4514,1.0
4515,3.0
4516,30.0
4517,1.0
4518,2.0
4519,40.0
4520,1.0
4521,6.0
4522,1.0
4523,1.0
4524,1.0
4525,12.0
4526,1.0
4527,6.0
4528,4.0
4529,1.0
4530,6.0
4531,12.0
4532,9.0
4533,6.0
4534,6.0
4535,7.0
4536,1.0
4537,3.0
4538,1.0
4539,2.0
4540,2.0
4541,2.0
4542,1.0
4543,1.0
4544,7.0
4545,18.0
4546,9.0
4547,17183.0
4548,4.0
4549,3.0
4550,27.0
4551,10746.0
4552,1.0
4553,1.0
4554,1.0
4555,7.0
4556,6.0
4557,24.0
4558,20330.0
4560,19.0
4561,2.0
4562,1.0
4563,22.0
4564,2.0
4565,4.0
4566,15.0
4567,3.0
4568,1.0
4569,1.0
4570,34.0
4571,98.0
4572,1.0
4573,2.0
4574,1.0
4575,1.0
4576,8.0
4577,3.0
4578,4.0
4579,14.0
4580,1.0
4582,2.0
4583,1.0
4584,1.0
4585,1.0
4586,1.0
4587,1.0
4588,1.0
4589,7.0
4590,1.0
4591,1.0
4592,1.0
4593,1.0
4594,4.0
4595,4.0
4596,1.0
4597,2.0
4598,1.0
4599,322.0
4600,1.0
4601,1.0
4602,1.0
4603,2.0
4604,131.0
4605,6.0
4606,2.0
4607,3.0
4609,341.0
4610,1.0
4611,1.0
4612,1.0
4613,1.0
4614,1.0
4615,21.0
4616,10.0
4617,13.0
4618,1.0
4619,322.0
4620,2.0
4621,2.0
4622,1.0
4623,8.0
4624,1.0
4625,2.0
4626,9.0
4627,1.0
4628,2.0
4629,26.0
4630,5.0
4631,1.0
4632,1.0
4633,1.0
4634,1.0
4635,184.0
4636,14.0
4637,58635.0
4638,1.0
4639,1.0
4640,2.0
4641,1.0
4642,1.0
4643,1.0
4645,2.0
4646,1.0
4647,2.0
4648,1.0
4649,3.0
4650,6.0
4651,1.0
4652,12.0
4654,205843.0
4655,3.0
4656,1.0
4657,4.0
4658,1.0
4659,2.0
4660,4.0
4661,3.0
4662,1.0
4663,313.0
4664,2.0
4665,1.0
4666,1.0
4667,2.0
4668,3.0
4669,1.0
4670,9.0
4671,1.0
4672,2.0
4673,1.0
4674,1.0
4675,19.0
4676,3.0
4677,1.0
4678,2.0
4679,1.0
4680,16.0
4681,1.0
4682,2.0
4683,2.0
4684,6.0
4685,4.0
4686,1.0
4687,7.0
4688,4245.0
4689,1.0
4690,33.0
4691,1.0
4692,2.0
4693,2.0
4694,17.0
4695,1.0
4696,11.0
4697,22.0
4698,2.0
4699,3.0
4700,2.0
4701,9.0
4702,9.0
4703,5247.0
4704,21.0
4705,1.0
4706,1.0
4707,2.0
4708,1.0
4709,2.0
4710,1.0
4711,1.0
4712,1.0
4713,1.0
4714,2.0
4715,1.0
4716,2.0
4717,1.0
4718,2.0
4719,1.0
4720,1.0
4721,1.0
4722,1.0
4723,1.0
4724,4.0
4725,1.0
4727,11.0
4728,1.0
4729,2.0
4730,2.0
4731,2469.0
4732,25.0
4733,1.0
4734,27.0
4735,1.0
4736,2.0
4737,1.0
4738,1.0
4739,2.0
4740,1.0
4741,117.0
4742,2.0
4743,54.0
4744,2.0
4745,10.0
4746,1.0
4747,1.0
4748,5255.0
4749,34.0
4750,2.0
4751,2.0
4752,1.0
4753,12.0
4755,1.0
4757,12.0
4758,3.0
4759,64825.0
4760,1.0
4761,11.0
4762,1.0
4763,6.0
4764,415.0
4765,1.0
4766,3.0
4767,3.0
4768,34.0
4769,1.0
4771,38.0
4772,2.0
4773,1.0
4774,11.0
4775,10.0
4776,4.0
4777,1.0
4778,1.0
4779,3.0
4780,1.0
4781,3.0
4782,1.0
4783,9.0
4784,2.0
4785,1.0
4786,1.0
4787,1.0
4788,2720.0
4789,11.0
4790,34.0
4791,5.0
4792,6.0
4793,1.0
4794,239.0
4795,8.0
4796,2.0
4797,3.0
4798,1.0
4799,1.0
4800,3.0
4801,2.0
4802,1.0
4803,1.0
4804,1.0
4805,1.0
4806,1.0
4807,1.0
4808,1.0
4809,1.0
4810,3.0
4811,3914.0
4812,1.0
4813,1.0
4814,2.0
4815,200.0
4816,2.0
4817,1.0
4818,1.0
4819,1.0
4820,3.0
4821,6.0
4822,1.0
4823,1.0
4824,1.0
4825,11.0
4826,1.0
4827,7.0
4828,111.0
4829,39.0
4830,1.0
4831,2.0
4832,2.0
4833,1.0
4834,2.0
4835,34.0
4836,2.0
4837,1.0
4838,2.0
4839,1.0
4840,3.0
4841,1.0
4842,18.0
4843,2.0
4844,2.0
4845,7.0
4846,11.0
4847,1.0
4848,5.0
4849,27.0
4850,1.0
4851,2.0
4852,1.0
4853,1.0
4854,1.0
4855,1.0
4856,1.0
4857,1.0
4858,2.0
4859,16.0
4861,1.0
4862,1.0
4863,1.0
4864,1.0
4865,8.0
4866,8.0
4867,1.0
4868,4.0
4869,1.0
4870,4.0
4871,3.0
4872,2.0
4873,1.0
4874,1.0
4875,3.0
4876,4.0
4877,2.0
4878,1.0
4880,1.0
4881,39.0
4882,4.0
4883,1.0
4884,1.0
4885,1.0
4886,103.0
4887,1.0
4888,29.0
4889,2559.0
4890,9.0
4891,3.0
4892,458.0
4893,3.0
4894,1.0
4895,6.0
4896,5.0
4897,1.0
4898,1.0
4899,5.0
4900,1.0
4901,152.0
4902,10.0
4903,1.0
4905,4.0
4906,1.0
4907,50157.0
4908,1.0
4909,1.0
4910,1.0
4911,2.0
4912,7.0
4913,1.0
4914,4.0
4915,6.0
4916,3.0
4917,1368.0
4918,6.0
4919,2.0
4920,1.0
4921,3.0
4922,2.0
4923,2.0
4924,4.0
4925,5.0
4926,1.0
4927,107.0
4928,1.0
4929,2.0
4930,1.0
4931,90.0
4932,1.0
4933,4.0
4934,1.0
4935,1.0
4936,1.0
4937,8.0
4938,1.0
4939,1.0
4940,876.0
4941,102.0
4942,7.0
4943,1.0
4944,2395.0
4945,1.0
4946,1.0
4947,6.0
4949,1.0
4950,1.0
4951,1.0
4952,1.0
4953,1.0
4954,1.0
4955,5.0
4956,4.0
4957,4.0
4958,14.0
4959,1.0
4960,1.0
4961,2.0
4962,1.0
4963,7.0
4964,5.0
4965,10.0
4967,1.0
4968,1.0
4969,1.0
4970,1.0
4971,4.0
4972,3.0
4973,1.0
4974,2.0
4975,155.0
4976,9.0
4977,1.0
4978,1.0
4979,39.0
4980,1.0
4981,1.0
4982,1.0
4983,2.0
4984,1.0
4985,1.0
4986,15.0
4987,20.0
4988,16299.0
4989,1.0
4990,34.0
4991,34.0
4992,2.0
4993,1.0
4994,3.0
4995,3.0
4996,1.0
4997,4.0
4998,1.0
4999,2.0
5000,1.0
5001,1.0
5002,46.0
5003,1.0
5004,2.0
5005,1.0
5006,2.0
5007,162.0
5008,1.0
5009,1.0
5010,2.0
5011,1.0
5012,1.0
5014,12.0
5015,1.0
5016,1.0
5017,2.0
5018,8.0
5019,1.0
5020,1.0
5021,2.0
5022,4.0
5023,5.0
5024,1.0
5025,3.0
5026,1.0
5027,13.0
5028,162.0
5029,4.0
5030,3.0
5031,1.0
5032,1.0
5033,14.0
5034,1.0
5035,2.0
5036,1.0
5037,4.0
5038,1.0
5039,1.0
5040,3.0
5042,16.0
5043,19.0
5044,1.0
5045,2.0
5046,313.0
5047,12.0
5048,69.0
5049,3.0
5050,1.0
5051,6.0
5052,68.0
5053,1.0
5054,32187.0
5055,2.0
5056,2.0
5057,1.0
5059,5.0
5060,1.0
5061,161.0
5062,129.0
5063,2.0
5064,2.0
5065,1.0
5066,1.0
5067,4.0
5068,1.0
5069,1.0
5070,1.0
5071,110.0
5072,5.0
5073,1.0
5074,1.0
5075,11.0
5076,12.0
5077,1.0
5078,1.0
5079,1.0
5080,3.0
5081,2.0
5082,1185.0
5083,2.0
5084,2.0
5085,4.0
5086,2.0
5087,75.0
5088,3.0
5089,1.0
5090,3.0
5091,3.0
5092,1.0
5093,1.0
5094,10.0
5095,2.0
5096,6.0
5097,1.0
5098,2.0
5099,4.0
5100,2.0
5101,5.0
5102,1.0
5103,3.0
5104,1.0
5105,1.0
5106,109.0
5107,1.0
5108,1.0
5109,222.0
5110,1.0
5111,2.0
5112,1.0
5113,1.0
5114,2.0
5115,1.0
5116,21.0
5117,4.0
5118,5.0
5119,2.0
5120,1.0
5121,4.0
5122,1.0
5123,5.0
5124,1.0
5125,1.0
5126,1.0
5127,1.0
5128,1.0
5129,14.0
5130,11.0
5131,2.0
5132,1.0
5133,5.0
5134,1.0
5135,4.0
5136,3.0
5137,6.0
5138,5.0
5139,1.0
5140,1.0
5141,1.0
5142,2.0
5143,1.0
5144,7.0
5145,5.0
5146,39.0
5147,5.0
5148,1.0
5149,1.0
5150,1.0
5151,1.0
5152,4757.0
5153,125.0
5154,2.0
5155,1.0
5156,1.0
5157,1.0
5158,17.0
5159,19.0
5161,3.0
5162,1.0
5163,203.0
5164,4.0
5165,36.0
5166,22.0
5167,1.0
5168,2.0
5169,14.0
5170,12.0
5171,4.0
5172,7.0
5173,9.0
5174,1.0
5175,1.0
5176,2.0
5177,1.0
5178,33.0
5179,9936.0
5180,64.0
5181,3.0
5182,3.0
5183,1.0
5184,1.0
5185,1.0
5186,3.0
5187,2.0
5188,1.0
5189,1.0
5190,1.0
5191,255.0
5192,1.0
5193,1.0
5194,4.0
5195,1.0
5196,2.0
5197,108.0
5198,1.0
5199,1.0
5200,1.0
5201,2.0
5202,5.0
5203,1.0
5204,3.0
5205,1.0
5206,4.0
5207,2.0
5208,6.0
5209,1.0
5210,1.0
5211,10.0
5212,30.0
5213,4.0
5214,13.0
5215,4.0
5216,5.0
5217,5.0
5218,1.0
5219,1.0
5220,1.0
5221,3.0
5222,3.0
5223,2.0
5224,2.0
5225,18.0
5226,4.0
5227,1.0
5228,7.0
5229,3.0
5230,1.0
5231,37185.0
5232,1.0
5233,1.0
5234,1.0
5235,2.0
5236,1.0
5237,1.0
5238,5.0
5240,3.0
5241,1.0
5242,3.0
5243,1.0
5244,3.0
5245,1.0
5246,1.0
5247,32.0
5248,3.0
5249,1.0
5250,1833.0
5251,4.0
5252,2.0
5253,2.0
5254,4.0
5255,1.0
5256,26.0
5257,2.0
5258,3.0
5259,5.0
5260,4.0
5261,3.0
5262,10.0
5263,1.0
5265,1.0
5266,1.0
5267,1.0
5269,1.0
5270,1283.0
5271,2.0
5272,2.0
5273,2.0
5274,1.0
5275,2469.0
5276,13.0
5277,1.0
5278,3.0
5279,1.0
5280,1.0
5281,2395.0
5282,1.0
5283,67540.0
5284,2.0
5285,1.0
5286,1.0
5287,3.0
5288,2.0
5289,2.0
5290,4.0
5291,5.0
5292,20.0
5293,1.0
5294,5.0
5295,3.0
5296,1.0
5297,3.0
5298,2.0
5299,7041.0
5300,1.0
5301,8.0
5302,1.0
5303,6.0
5304,2.0
5305,4005.0
5306,1.0
5307,6.0
5308,1.0
5309,1.0
5310,1.0
5312,1.0
5313,27.0
5314,1.0
5315,1.0
5316,4.0
5317,1.0
5318,1.0
5319,1.0
5320,4.0
5321,1.0
5322,1.0
5323,12.0
5324,1.0
5325,876.0
5326,5.0
5327,1.0
5328,1.0
5329,2.0
5330,1.0
5331,1.0
5332,3151.0
5333,12.0
5334,1.0
5335,21.0
5336,35.0
5337,6.0
5338,1897.0
5339,1.0
5340,3.0
5341,2.0
5342,3.0
5343,1.0
5344,10.0
5345,2045.0
5346,11.0
5347,13.0
5348,6330.0
5349,1.0
5350,1.0
5351,2.0
5352,2.0
5353,1.0
5354,9.0
5355,4.0
5356,1.0
5357,2.0
5358,1.0
5359,1.0
5360,1.0
5361,4.0
5362,3.0
5363,9.0
5364,512.0
5365,1.0
5366,1.0
5367,3.0
5368,1.0
5369,3.0
5370,2.0
5371,8.0
5373,1.0
5374,3.0
5375,1.0
5376,1.0
5377,1.0
5379,1.0
5380,1.0
5381,1.0
5382,1.0
5383,2.0
5384,3.0
5385,1.0
5386,1.0
5387,1.0
5388,5.0
5389,38.0
5390,5747.0
5391,2.0
5392,8.0
5393,4.0
5394,8.0
5395,1.0
5396,1.0
5398,1.0
5399,1.0
5401,1.0
5402,305.0
5403,17.0
5404,1.0
5405,1.0
5406,3.0
5407,1.0
5408,1.0
5409,4.0
5410,4.0
5411,2.0
5412,4.0
5413,1.0
5414,3.0
5415,6.0
5416,6.0
5417,2.0
5418,8.0
5419,1.0
5420,2.0
5421,1.0
5422,1.0
5423,1.0
5425,1.0
5426,1.0
5427,1.0
5428,47.0
5429,3.0
5430,1.0
5431,18.0
5432,1.0
5433,4.0
5434,50157.0
5435,2.0
5436,2.0
5437,505.0
5439,2.0
5440,5.0
5441,4.0
5442,1.0
5443,1.0
5444,1.0
5445,1.0
5446,1.0
5447,152.0
5448,1.0
5449,1.0
5450,14.0
5451,1.0
5452,2.0
5453,1.0
5454,4.0
5455,1.0
5456,3.0
5457,3.0
5458,1.0
5460,1.0
5461,50.0
5462,1.0
5463,1.0
5464,26142.0
5465,1.0
5466,1.0
5467,1.0
5468,1.0
5469,165271.0
5470,1.0
5471,1.0
5472,14.0
5473,1.0
5474,1.0
5475,1.0
5476,1.0
5477,493.0
5478,3.0
5479,12781.0
5480,1.0
5481,1.0
5482,2.0
5483,1.0
5484,38.0
5485,2.0
5486,5.0
5487,1.0
5488,3.0
5489,1.0
5490,2.0
5491,1.0
5492,2.0
5493,4.0
5494,1.0
5495,3.0
5496,17.0
5497,64825.0
5498,1.0
5499,1734.0
5500,3.0
5501,1.0
5502,14.0
5503,6.0
5504,5.0
5505,1.0
5506,1.0
5507,1.0
5509,1.0
5510,1.0
5511,1.0
5512,1.0
5513,1.0
5514,1.0
5515,16.0
5516,54440.0
5517,3.0
5518,32.0
5519,1.0
5520,9.0
5521,1.0
5522,2.0
5523,3.0
5524,3.0
5525,34.0
5526,5.0
5527,1.0
5528,1.0
5529,1.0
5530,1.0
5531,1.0
5532,1.0
5533,1.0
5534,1.0
5535,1.0
5536,1.0
5537,1.0
5538,7.0
5539,5.0
5540,1.0
5541,2.0
5542,362.0
5543,2.0
5544,3.0
5545,33.0
5546,1.0
5547,5.0
5548,5.0
5549,2.0
5550,6.0
5551,2.0
5552,2.0
5553,5.0
5554,5.0
5555,2.0
5556,1.0
5557,3.0
5558,6.0
5559,3.0
5560,2.0
5561,2.0
5562,1.0
5563,1.0
5565,32187.0
5566,14.0
5567,1.0
5568,2.0
5569,44.0
5570,70.0
5571,27826.0
5572,1.0
5573,110.0
5574,1.0
5575,3.0
5576,1.0
5577,2118.0
5578,1.0
5579,4.0
5580,80.0
5581,4.0
5582,4.0
5583,111.0
5584,14.0
5585,1.0
5586,3.0
5587,1.0
5588,3.0
5589,1.0
5590,11.0
5591,1.0
5592,1.0
5593,50.0
5594,4.0
5595,5.0
5596,5.0
5597,1.0
5598,1.0
5599,4.0
5600,5.0
5601,1.0
5602,5.0
5603,1.0
5604,1.0
5605,2.0
5606,9.0
5607,1.0
5608,1185.0
5609,4.0
5610,1.0
5611,1.0
5612,2.0
5614,1.0
5615,2.0
5616,1.0
5617,2.0
5618,4.0
5619,1.0
5620,1.0
5621,33.0
5622,3.0
5623,2.0
5624,4.0
5625,3.0
5626,6.0
5627,5.0
5629,1.0
5630,1.0
5631,5747.0
5632,11.0
5633,2.0
5634,18.0
5635,1.0
5636,3.0
5637,3.0
5638,1.0
5639,1.0
5640,1.0
5641,146.0
5642,1.0
5643,1.0
5644,3.0
5646,1.0
5647,2.0
5648,1.0
5649,1.0
5650,3.0
5651,1.0
5652,1.0
5653,15.0
5654,1.0
5655,1.0
5656,1.0
5657,3.0
5658,2.0
5659,1.0
5660,1.0
5661,3.0
5662,10.0
5663,3.0
5664,3105.0
5665,1.0
5666,1.0
5667,55.0
5668,1.0
5669,1.0
5670,1.0
5671,3.0
5672,16.0
5673,18.0
5674,13.0
5675,21767.0
5676,1.0
5677,1.0
5678,2.0
5679,21.0
5680,5783.0
5681,2.0
5682,1.0
5683,1.0
5684,1.0
5685,1.0
5686,1.0
5687,3.0
5688,1.0
5689,7.0
5690,1.0
5691,1.0
5692,4.0
5693,1.0
5694,2.0
5695,132.0
5696,1.0
5697,4.0
5698,1.0
5699,6.0
5700,4.0
5701,7.0
5702,1.0
5703,1.0
5704,439.0
5705,2.0
5706,98.0
5707,17655.0
5708,2.0
5709,13.0
5710,1.0
5711,1.0
5712,6.0
5713,1.0
5714,2.0
5715,4.0
5716,3.0
5717,106.0
5718,3.0
5719,109.0
5720,1.0
5721,1.0
5723,7.0
5724,308.0
5725,5.0
5726,1.0
5727,1.0
5728,7.0
5729,1.0
5730,1.0
5731,13.0
5732,1.0
5733,1.0
5734,3.0
5735,2.0
5736,50.0
5737,2.0
5738,5548.0
5739,262.0
5740,4.0
5741,1.0
5742,2.0
5743,1.0
5744,2.0
5745,1.0
5746,2.0
5747,1.0
5748,14.0
5750,10.0
5751,9.0
5754,1.0
5755,1.0
5756,3.0
5757,3.0
5758,4.0
5759,3.0
5760,1.0
5761,1.0
5762,2.0
5763,5.0
5764,1.0
5765,14.0
5766,1.0
5767,8.0
5768,1.0
5769,55.0
5770,5.0
5771,1.0
5772,3.0
5773,4.0
5774,3.0
5775,276.0
5776,17.0
5777,2.0
5778,921.0
5779,15.0
5780,16.0
5781,1.0
5782,1.0
5783,2.0
5784,5.0
5785,1.0
5786,1.0
5787,1.0
5788,5.0
5789,149.0
5790,2.0
5791,5.0
5792,1.0
5793,1.0
5794,1.0
5795,1.0
5796,4.0
5797,1.0
5798,1.0
5799,64.0
5800,1.0
5801,2.0
5802,1.0
5803,1.0
5804,1.0
5805,1.0
5806,26.0
5807,1.0
5808,9.0
5809,14.0
5810,1.0
5811,4.0
5812,10746.0
5813,1.0
5814,1.0
5815,14.0
5816,2.0
5817,1.0
5818,1.0
5819,1.0
5820,1.0
5821,1.0
5822,1.0
5823,1.0
5824,17183.0
5825,308.0
5826,33.0
5827,21.0
5828,1.0
5829,1.0
5830,7.0
5831,1.0
5832,38.0
5833,114055.0
5834,1.0
5835,1.0
5836,1.0
5837,2.0
5838,1.0
5839,2.0
5840,1.0
5841,1.0
5842,1.0
5843,1.0
5844,10.0
5845,2.0
5846,1.0
5847,3.0
5848,1.0
5849,1.0
5850,4.0
5851,1.0
5852,2.0
5853,12.0
5854,2.0
5855,1.0
5856,2.0
5857,4.0
5858,3.0
5859,1.0
5860,160.0
5861,1.0
5862,1.0
5863,583.0
5864,1.0
5865,3.0
5866,1.0
5867,16.0
5868,2.0
5869,4.0
5870,1.0
5871,2032.0
5872,23.0
5873,1.0
5874,1.0
5875,3.0
5876,1.0
5877,1.0
5878,722.0
5879,2.0
5880,6.0
5881,32.0
5882,1.0
5883,1.0
5884,2.0
5885,1.0
5886,1.0
5887,2.0
5888,1.0
5889,4.0
5890,1.0
5891,13123.0
5892,876.0
5893,1.0
5894,3106.0
5895,1.0
5896,2.0
5897,1.0
5898,133.0
5899,1.0
5900,6.0
5901,1.0
5902,3.0
5903,276.0
5904,3.0
5905,1.0
5906,2.0
5907,59.0
5908,1.0
5909,8135.0
5910,1.0
5911,1.0
5912,3.0
5913,2.0
5914,4008.0
5915,6.0
5916,1.0
5917,313.0
5918,1.0
5919,1.0
5920,4.0
5921,1.0
5922,2.0
5923,6.0
5924,2.0
5925,1.0
5926,1.0
5927,47.0
5928,1.0
5929,5.0
5930,6.0
5931,2.0
5932,60.0
5933,1.0
5934,1.0
5935,1.0
5936,26.0
5937,5255.0
5938,1.0
5940,4.0
5941,25.0
5942,1.0
5943,1.0
5944,12.0
5945,1.0
5946,14.0
5947,3.0
5948,2.0
5949,3.0
5950,18.0
5951,6.0
5952,1.0
5953,1.0
5954,1.0
5955,1015.0
5957,1.0
5958,1.0
5959,1.0
5960,36682.0
5961,3.0
5962,1.0
5963,38264.0
5964,1.0
5965,130.0
5966,187010.0
5967,1.0
5968,3.0
5969,1.0
5970,54440.0
5971,1.0
5972,1.0
5973,2.0
5974,1.0
5975,4.0
5976,1.0
5977,1.0
5978,7.0
5979,4.0
5980,3.0
5981,1.0
5982,1.0
5983,2.0
5984,8.0
5985,2.0
5986,1.0
5987,11.0
5989,3.0
5990,21.0
5991,2.0
5992,80.0
5993,12.0
5994,1.0
5995,1.0
5996,1.0
5997,4.0
5998,9.0
5999,1.0
6000,12.0
6001,124.0
6002,1.0
6003,1.0
6004,1.0
6005,1.0
6006,1.0
6007,4.0
6008,2.0
6009,9.0
6010,2.0
6011,2.0
6012,4.0
6013,3.0
6014,1.0
6015,2.0
6016,28.0
6017,1.0
6018,3.0
6019,1.0
6020,18.0
6021,2.0
6022,3.0
6023,13.0
6024,6.0
6025,2.0
6026,1.0
6027,1.0
6028,6.0
6029,1.0
6030,1.0
6031,1.0
6032,1.0
6033,4.0
6034,1.0
6035,2.0
6036,1.0
6037,1.0
6039,1.0
6040,1.0
6041,2.0
6042,1.0
6043,2.0
6044,2.0
6045,5.0
6046,21.0
6047,1.0
6048,1.0
6049,15.0
6050,1.0
6052,2.0
6053,3.0
6054,30.0
6055,1.0
6056,1.0
6057,14.0
6058,2.0
6059,2.0
6060,21.0
6061,10.0
6062,5.0
6063,1.0
6064,1.0
6065,1.0
6066,2.0
6067,33.0
6068,1.0
6069,32187.0
6070,27.0
6071,7.0
6072,44.0
6073,1.0
6074,1.0
6075,4.0
6076,4.0
6077,68.0
6078,1.0
6079,21.0
6080,1.0
6081,1.0
6082,13227.0
6083,12.0
6084,5.0
6085,21.0
6086,2.0
6087,1.0
6088,20.0
6089,25.0
6090,1.0
6091,2.0
6092,1.0
6093,9.0
6094,1.0
6095,1.0
6096,2.0
6097,1.0
6098,94992.0
6099,1.0
6100,5.0
6101,2.0
6102,2.0
6103,1.0
6104,4.0
6105,12.0
6106,1.0
6107,1.0
6108,30.0
6109,32.0
6110,2.0
6111,1.0
6112,12465.0
6113,1.0
6114,1.0
6115,3.0
6116,1.0
6117,2.0
6118,4.0
6119,4.0
6120,1.0
6121,1.0
6122,20.0
6123,3.0
6124,7.0
6125,3.0
6126,1.0
6127,4.0
6128,1.0
6129,1.0
6130,34.0
6131,1.0
6132,1.0
6133,1.0
6134,57633.0
6135,1622.0
6136,3.0
6137,2.0
6138,10.0
6139,21127.0
6140,2.0
6141,3.0
6142,1.0
6143,1.0
6144,1.0
6145,21127.0
6146,5.0
6147,64.0
6148,2.0
6149,1.0
6150,2.0
6151,1.0
6152,2.0
6153,152.0
6155,3.0
6156,1.0
6157,1.0
6158,9.0
6159,1.0
6160,1.0
6161,3.0
6162,1.0
6163,9.0
6164,1.0
6165,1.0
6166,3.0
6167,1.0
6168,3.0
6169,322.0
6170,1.0
6171,2.0
6172,24.0
6173,3.0
6174,21.0
6175,1.0
6176,8.0
6177,1.0
6178,6.0
6179,2.0
6180,1.0
6181,1.0
6182,2.0
6183,2.0
6184,1.0
6185,1.0
6186,1.0
6187,2.0
6188,3.0
6189,1.0
6190,32.0
6191,1.0
6192,4.0
6193,1.0
6194,1.0
6195,11.0
6196,1.0
6197,1.0
6198,2.0
6199,2.0
6200,1.0
6201,1.0
6202,255.0
6203,2.0
6204,5.0
6205,2.0
6206,4.0
6207,4.0
6208,13.0
6209,4.0
6210,9.0
6212,1.0
6213,21.0
6214,1.0
6215,21375.0
6216,2.0
6217,1.0
6218,102.0
6219,1.0
6221,1.0
6222,2.0
6223,1.0
6224,3.0
6225,1.0
6226,3.0
6227,1.0
6228,2.0
6229,1.0
6230,1.0
6231,1.0
6232,1.0
6233,1.0
6234,1.0
6235,4.0
6236,1.0
6237,2.0
6239,1.0
6240,1.0
6241,25.0
6242,1.0
6243,3.0
6244,2.0
6245,1.0
6246,18.0
6247,1.0
6248,3.0
6249,1.0
6250,1.0
6251,1.0
6252,2.0
6253,1.0
6254,1.0
6255,1.0
6256,3.0
6257,43.0
6258,10.0
6259,2.0
6261,1.0
6262,4.0
6263,1.0
6264,32.0
6265,1.0
6266,2.0
6267,3.0
6268,1.0
6269,3.0
6270,4.0
6271,1.0
6272,1.0
6273,4.0
6274,1734.0
6275,15.0
6276,69794.0
6277,1.0
6278,1.0
6279,1.0
6280,93.0
6281,1.0
6282,1.0
6283,8.0
6284,1.0
6285,1.0
6286,2.0
6287,7.0
6288,7.0
6289,5.0
6290,36.0
6291,1.0
6292,152.0
6293,1.0
6294,1.0
6295,1.0
6296,1.0
6297,4.0
6298,1.0
6299,194.0
6300,1.0
6301,1.0
6302,8.0
6303,3129.0
6304,15.0
6305,2.0
6306,1.0
6307,7.0
6308,1.0
6309,27826.0
6310,1.0
6311,1.0
6312,5.0
6313,8.0
6314,1.0
6315,5.0
6316,2.0
6317,1.0
6318,39.0
6319,583.0
6320,633.0
6321,3.0
6322,1.0
6323,1.0
6324,2.0
6325,1.0
6326,1.0
6327,3.0
6328,1.0
6329,1.0
6330,17.0
6331,2.0
6332,1.0
6333,5.0
6334,2.0
6335,2.0
6336,4.0
6337,1.0
6338,1.0
6339,1283.0
6340,1.0
6341,3.0
6342,18.0
6344,2.0
6345,130501.0
6346,2.0
6347,7.0
6348,21.0
6349,4.0
6350,367.0
6351,4.0
6352,13.0
6353,1095.0
6354,1.0
6355,2.0
6356,1.0
6357,3.0
6358,1.0
6359,2.0
6360,3.0
6361,74.0
6362,1.0
6363,1.0
6364,10.0
6365,196.0
6366,3.0
6367,4.0
6368,1.0
6369,1.0
6370,2.0
6371,3.0
6373,1.0
6374,2.0
6375,4.0
6376,21375.0
6377,1.0
6378,64.0
6379,17.0
6380,1.0
6381,4.0
6382,1.0
6383,2.0
6384,1.0
6385,2.0
6386,5.0
6387,2.0
6388,2.0
6389,3.0
6390,42.0
6391,6.0
6393,1.0
6394,1.0
6395,1.0
6396,20.0
6397,28.0
6398,1.0
6399,1.0
6400,26.0
6401,5.0
6402,2.0
6404,1.0
6405,364.0
6406,1.0
6407,5.0
6408,7.0
6409,1.0
6410,8.0
6411,1.0
6412,1.0
6413,1.0
6414,4.0
6415,7.0
6416,46.0
6417,13.0
6418,2.0
6419,8.0
6420,876.0
6421,17.0
6422,1.0
6423,3.0
6424,2.0
6425,1.0
6426,34.0
6427,2.0
6428,3.0
6429,2.0
6430,6.0
6431,2.0
6432,5.0
6433,9503.0
6434,2.0
6435,1.0
6436,1.0
6438,1.0
6439,1.0
6440,2.0
6441,2.0
6442,1.0
6443,1.0
6444,1.0
6445,2.0
6446,1.0
6447,6.0
6448,143638.0
6449,1.0
6450,1.0
6451,44.0
6452,1.0
6453,1.0
6454,3.0
6455,12.0
6456,3.0
6457,1.0
6458,5.0
6459,1.0
6460,1.0
6461,1.0
6462,34.0
6463,1.0
6464,1.0
6465,9.0
6466,1.0
6467,1.0
6468,35.0
6469,4.0
6470,17.0
6471,1.0
6472,1.0
6473,4.0
6474,3.0
6475,2.0
6476,6.0
6477,2.0
6478,1.0
6479,4.0
6480,3.0
6481,1.0
6482,1.0
6483,1.0
6484,17.0
6485,1.0
6486,26142.0
6487,45.0
6488,1.0
6489,1.0
6490,1.0
6491,3.0
6492,1.0
6493,1.0
6494,6.0
6495,25.0
6496,72.0
6497,1.0
6498,2.0
6499,2.0
6500,3.0
6501,1.0
6502,2.0
6503,1.0
6504,1.0
6505,1.0
6506,1.0
6507,1.0
6508,24.0
6509,2.0
6510,1.0
6511,1.0
6512,3.0
6513,1.0
6514,15.0
6515,1.0
6516,1.0
6517,1.0
6518,98.0
6519,8.0
6520,1.0
6521,3.0
6522,2.0
6523,21.0
6524,837.0
6525,2.0
6526,6.0
6527,10.0
6528,1.0
6529,38.0
6530,6550.0
6531,1.0
6532,2.0
6533,9950.0
6534,1.0
6535,175.0
6536,1.0
6537,2.0
6538,13.0
6539,4.0
6540,1.0
6541,3.0
6542,1.0
6543,1.0
6544,1.0
6545,4.0
6546,1.0
6547,1.0
6548,2.0
6549,2.0
6550,9.0
6551,2.0
6552,1.0
6553,8.0
6554,1.0
6555,3.0
6556,2.0
6557,1.0
6558,10832.0
6559,1.0
6560,1.0
6561,1.0
6562,15.0
6563,1.0
6564,3.0
6565,3.0
6566,1.0
6567,1.0
6568,1.0
6569,1.0
6570,262.0
6571,42.0
6572,9.0
6573,1.0
6574,1.0
6575,3.0
6576,14.0
6577,2.0
6578,20.0
6579,1.0
6580,2.0
6581,5.0
6582,14.0
6583,1525.0
6584,1.0
6585,1.0
6586,1.0
6587,14.0
6588,1.0
6589,3.0
6590,5.0
6591,4.0
6592,11.0
6593,1.0
6594,6.0
6595,2.0
6596,4.0
6598,2.0
6599,1.0
6601,1.0
6602,2.0
6603,2.0
6604,1.0
6605,1.0
6606,2.0
6607,1185.0
6608,6.0
6609,6.0
6610,3.0
6611,2.0
6612,1.0
6613,2.0
6614,1.0
6615,8.0
6616,4.0
6617,2.0
6618,1897.0
6619,1.0
6620,3.0
6621,3.0
6622,1.0
6623,1.0
6624,24.0
6625,2.0
6626,1.0
6627,3.0
6628,2.0
6629,25.0
6630,1.0
6631,1.0
6632,2.0
6633,13.0
6635,2.0
6636,4.0
6637,2.0
6638,1.0
6639,4.0
6640,21.0
6641,2.0
6642,6.0
6643,14.0
6644,3.0
6645,2.0
6646,2.0
6647,1.0
6648,1.0
6649,1.0
6650,1.0
6651,2.0
6652,2.0
6653,1.0
6654,2.0
6655,2.0
6656,1.0
6657,2.0
6658,1.0
6659,1.0
6660,1.0
6661,2.0
6662,8.0
6663,1.0
6664,6.0
6665,3.0
6666,2.0
6667,607.0
6668,1.0
6669,13.0
6670,3.0
6671,1.0
6672,4.0
6673,1.0
6674,2210.0
6675,5.0
6676,1200.0
6677,3.0
6678,1.0
6679,1.0
6680,1.0
6681,11.0
6682,1.0
6683,5.0
6684,12.0
6685,13549.0
6686,1.0
6687,2.0
6688,322.0
6689,1.0
6690,87.0
6691,1.0
6692,10.0
6693,8.0
6694,3.0
6695,1.0
6696,1.0
6697,9.0
6698,6985.0
6699,3.0
6700,2.0
6701,2.0
6702,1.0
6703,1.0
6704,1.0
6705,1.0
6706,5.0
6707,6.0
6708,69.0
6709,1.0
6710,1.0
6711,200.0
6712,1.0
6713,2.0
6714,3.0
6715,3.0
6717,1.0
6718,85.0
6719,8.0
6720,458.0
6721,1.0
6722,1.0
6723,1.0
6724,1.0
6725,4.0
6726,6.0
6727,1.0
6730,7.0
6731,1.0
6732,6.0
6733,79.0
6734,1.0
6735,1.0
6736,1.0
6737,27.0
6738,1.0
6739,913.0
6740,4.0
6741,1.0
6742,1.0
6743,7.0
6744,3.0
6745,1.0
6746,2.0
6747,14350.0
6748,1.0
6749,6.0
6750,1.0
6751,4.0
6752,1.0
6753,1.0
6754,3.0
6755,9.0
6756,1.0
6757,1.0
6758,18.0
6759,60204.0
6760,4.0
6761,1.0
6762,1.0
6763,1.0
6764,4.0
6765,1.0
6766,1.0
6767,1.0
6768,9.0
6769,8.0
6770,1.0
6771,2.0
6772,1.0
6773,1.0
6774,5.0
6775,7.0
6776,1.0
6777,3.0
6778,3.0
6779,158.0
6780,1.0
6781,4651.0
6782,3218.0
6783,2.0
6784,1.0
6785,3.0
6786,1.0
6787,1.0
6788,44.0
6789,1.0
6790,9.0
6791,1.0
6792,1.0
6793,7.0
6794,1.0
6795,18.0
6796,6175.0
6797,1.0
6798,9.0
6799,1.0
6800,1.0
6801,1.0
6802,1.0
6803,4.0
6804,1.0
6805,5.0
6806,1.0
6807,27.0
6808,8.0
6809,1.0
6810,1.0
6811,2.0
6812,1.0
6813,2.0
6814,1.0
6815,44.0
6816,2.0
6817,1.0
6818,1.0
6819,1.0
6820,1.0
6821,1.0
6822,1.0
6823,1.0
6824,1.0
6825,7.0
6826,1.0
6827,6.0
6828,1.0
6829,1.0
6830,1.0
6831,1.0
6832,5.0
6833,12.0
6834,1.0
6835,6.0
6836,5.0
6837,2.0
6838,1.0
6839,1.0
6840,1.0
6841,1.0
6842,1.0
6843,1.0
6844,3.0
6846,14.0
6847,1.0
6848,16.0
6849,6.0
6850,785.0
6851,9.0
6852,1.0
6853,1.0
6854,1.0
6855,2.0
6856,11.0
6857,1.0
6858,1.0
6859,196.0
6860,6.0
6861,2.0
6862,1.0
6863,1.0
6864,1.0
6865,1.0
6866,3.0
6867,2.0
6868,5.0
6869,1.0
6870,1.0
6871,4.0
6872,3.0
6873,16.0
6875,1.0
6876,1.0
6877,1.0
6878,3.0
6879,1.0
6880,87.0
6882,4.0
6883,34.0
6884,2.0
6885,6.0
6886,991819.0
6887,9.0
6888,1.0
6889,10.0
6890,3.0
6891,4.0
6892,124.0
6893,17.0
6894,1.0
6895,2.0
6896,17.0
6897,10.0
6898,4.0
6899,11.0
6900,1.0
6901,9.0
6902,3.0
6903,1.0
6904,1.0
6905,1.0
6906,1.0
6907,1.0
6908,1.0
6909,1.0
6910,1.0
6911,2.0
6912,8.0
6913,1.0
6914,1.0
6915,5.0
6916,1.0
6917,2.0
6918,1.0
6919,7.0
6920,7.0
6921,4.0
6922,1.0
6923,2.0
6924,1.0
6925,1.0
6926,2.0
6927,2.0
6928,1.0
6929,1.0
6931,2.0
6932,1.0
6933,1.0
6934,1.0
6935,10488.0
6936,8122.0
6937,17.0
6938,1.0
6940,80.0
6941,1.0
6942,1.0
6943,1.0
6944,1.0
6945,3.0
6946,1.0
6947,2.0
6948,5478.0
6949,2.0
6950,1.0
6951,1246.0
6952,1.0
6953,2.0
6954,25414.0
6955,1.0
6956,4.0
6957,1.0
6958,876.0
6959,2.0
6960,3.0
6961,5.0
6962,1.0
6963,1.0
6964,1.0
6965,2720.0
6966,1.0
6967,1.0
6968,2.0
6969,1.0
6970,1.0
6971,3.0
6972,2.0
6973,1.0
6974,10832.0
6975,2.0
6976,1.0
6977,3.0
6978,14.0
6979,2.0
6980,2.0
6981,3.0
6982,4.0
6983,3.0
6985,3.0
6986,1.0
6987,1.0
6988,1.0
6989,1.0
6990,1.0
6991,1.0
6992,1.0
6993,38.0
6994,1.0
6995,10.0
6996,2.0
6997,4757.0
6998,1.0
6999,1.0
7000,1.0
7001,1.0
7002,55.0
7003,10.0
7005,10.0
7006,13.0
7007,5.0
7008,2.0
7009,13.0
7010,1.0
7011,4.0
7012,2.0
7013,49.0
7014,2.0
7015,9.0
7016,34.0
7017,1.0
7018,2.0
7019,1.0
7020,2.0
7021,1.0
7022,5.0
7023,2.0
7024,1.0
7025,2.0
7026,5.0
7027,257.0
7028,1.0
7029,6.0
7030,2.0
7031,1.0
7032,1.0
7033,1.0
7034,1.0
7035,77.0
7036,2.0
7037,38.0
7038,2.0
7039,2.0
7040,1.0
7041,7.0
7042,1.0
7043,3.0
7044,10.0
7045,439.0
7046,6.0
7047,9.0
7048,1.0
7049,13.0
7050,1.0
7051,1.0
7052,1.0
7053,1.0
7054,2.0
7055,2.0
7056,1.0
7057,1.0
7058,1.0
7059,11.0
7060,1.0
7061,1.0
7062,8.0
7063,27.0
7064,6.0
7065,3.0
7066,1.0
7067,1.0
7068,8.0
7069,4.0
7070,1.0
7071,1.0
7072,2.0
7073,4.0
7074,2.0
7075,2.0
7076,8.0
7077,1.0
7078,1.0
7079,1.0
7080,1.0
7081,1.0
7082,2.0
7083,322.0
7084,5.0
7085,1.0
7086,1.0
7087,5.0
7088,177.0
7089,1.0
7090,5.0
7091,27.0
7092,27.0
7093,1.0
7094,1.0
7095,1.0
7097,1.0
7098,4249.0
7099,7.0
7100,3.0
7101,2.0
7102,9.0
7103,2.0
7104,31.0
7105,2.0
7106,1.0
7107,2.0
7108,12.0
7109,1.0
7110,1.0
7111,1.0
7112,1.0
7113,1.0
7114,1.0
7115,1.0
7116,2.0
7117,5.0
7118,1.0
7120,2.0
7121,53.0
7122,2.0
7123,15.0
7124,14.0
7125,1.0
7126,2.0
7127,1.0
7128,1.0
7129,367.0
7130,2.0
7131,2.0
7132,1.0
7133,4.0
7134,1.0
7135,1.0
7136,2.0
7137,6.0
7138,26.0
7139,24.0
7140,133052.0
7141,1.0
7142,1.0
7144,1.0
7145,557.0
7146,5.0
7147,1.0
7148,3.0
7149,2.0
7150,1.0
7151,1200.0
7152,4.0
7153,1.0
7154,213.0
7155,25.0
7156,1.0
7157,1.0
7158,1.0
7159,2.0
7160,47.0
7161,1.0
7162,22.0
7163,1.0
7164,2.0
7166,1.0
7167,1.0
7168,27.0
7169,11699.0
7170,1.0
7171,7.0
7172,18.0
7173,5.0
7174,2.0
7175,1.0
7176,1.0
7177,91.0
7178,1.0
7179,18.0
7180,2.0
7181,1.0
7183,5.0
7184,365.0
7185,851.0
7186,1.0
7187,7.0
7188,1.0
7189,4.0
7190,1.0
7191,1.0
7192,49.0
7193,1.0
7194,3.0
7195,7.0
7196,21.0
7197,3.0
7198,1.0
7199,1.0
7200,5.0
7201,1.0
7203,1.0
7204,1.0
7205,2.0
7206,3.0
7207,4.0
7208,5.0
7209,3.0
7210,2.0
7211,1.0
7212,1.0
7213,4.0
7214,2.0
7215,109.0
7216,2.0
7217,9.0
7218,1.0
7219,1.0
7220,2.0
7221,1.0
7222,13.0
7223,103.0
7224,1.0
7225,1.0
7226,1.0
7227,3.0
7228,50157.0
7229,439.0
7230,1.0
7231,3008.0
7232,1.0
7233,1.0
7234,1.0
7235,3.0
7236,1.0
7237,2.0
7238,60204.0
7239,1.0
7240,4.0
7241,1.0
7242,2.0
7243,1.0
7244,3.0
7245,1525.0
7246,2.0
7247,1176.0
7248,2.0
7249,15.0
7250,1.0
7251,4.0
7252,22.0
7253,9.0
7254,11.0
7255,1.0
7256,1.0
7257,1.0
7258,2.0
7259,2.0
7260,11.0
7261,18.0
7262,3.0
7263,10.0
7264,372.0
7265,2.0
7266,1.0
7267,3.0
7268,1.0
7269,4792.0
7270,5.0
7271,1.0
7272,3.0
7273,7.0
7274,1.0
7275,1.0
7276,7.0
7277,3.0
7278,3.0
7279,1.0
7280,1.0
7281,2.0
7282,1.0
7283,4.0
7284,921.0
7285,1.0
7286,133052.0
7287,2.0
7288,1.0
7289,1.0
7290,2.0
7291,2.0
7292,1.0
7293,1.0
7294,1.0
7295,1.0
7296,4.0
7297,1.0
7298,2.0
7299,4249.0
7300,3.0
7301,1.0
7302,2.0
7303,1.0
7304,4.0
7305,3.0
7306,3.0
7307,4.0
7308,1.0
7309,4.0
7310,6313.0
7311,3.0
7312,1.0
7313,1.0
7314,167.0
7315,9.0
7316,1.0
7317,1.0
7318,16.0
7319,8895.0
7320,2.0
7321,1.0
7322,2722.0
7323,2.0
7324,2.0
7325,3.0
7326,1.0
7327,1.0
7328,17758.0
7329,1.0
7330,1.0
7331,1.0
7332,1.0
7333,3.0
7334,14.0
7335,1.0
7336,132.0
7337,6.0
7338,91.0
7339,1.0
7340,1.0
7341,69.0
7342,1.0
7343,1.0
7344,9.0
7345,3.0
7346,30.0
7347,4.0
7348,124.0
7349,1.0
7350,5.0
7351,2.0
7352,1.0
7353,6.0
7354,1.0
7355,19.0
7356,4.0
7357,6.0
7358,1.0
7359,265.0
7360,1.0
7361,1.0
7362,1.0
7363,1.0
7364,2.0
7365,1.0
7366,1.0
7367,1.0
7368,1.0
7369,1.0
7370,1.0
7371,1.0
7372,1.0
7373,2.0
7374,1.0
7375,2.0
7376,1.0
7377,2.0
7378,1.0
7379,1.0
7380,6.0
7381,5.0
7382,1.0
7383,17.0
7384,2.0
7385,1.0
7386,3.0
7387,1.0
7388,1.0
7389,1.0
7390,1.0
7391,1.0
7392,430.0
7393,1.0
7394,4.0
7395,5.0
7396,2.0
7397,55.0
7398,1.0
7399,1.0
7400,1.0
7401,1.0
7402,1.0
7403,6946.0
7404,1.0
7405,5.0
7406,152.0
7407,4.0
7408,1.0
7409,2.0
7410,2.0
7411,2.0
7412,7.0
7413,1.0
7414,1.0
7415,4.0
7416,17.0
7417,1.0
7418,3.0
7419,95.0
7420,11.0
7421,1.0
7422,11.0
7423,4.0
7424,1.0
7425,1.0
7426,4.0
7427,16.0
7428,1.0
7429,1.0
7430,1.0
7431,1.0
7432,3.0
7433,97.0
7434,1.0
7435,8.0
7436,1.0
7437,6.0
7438,1.0
7439,3.0
7440,6.0
7441,8165.0
7443,2.0
7444,1.0
7445,1.0
7446,1445.0
7447,4.0
7448,4.0
7449,3.0
7450,2.0
7451,14350.0
7452,5.0
7453,2.0
7454,13.0
7455,2.0
7456,1.0
7457,1.0
7458,68.0
7459,4.0
7460,13.0
7461,4.0
7462,1.0
7463,1.0
7464,129.0
7465,1.0
7466,1.0
7467,38.0
7468,2.0
7469,34.0
7470,35.0
7471,1181.0
7472,1.0
7473,1.0
7474,1.0
7475,3218.0
7476,8.0
7477,1.0
7478,3.0
7479,2.0
7480,2.0
7481,1.0
7482,1.0
7483,1.0
7484,1.0
7485,1.0
7486,1.0
7487,5.0
7488,1.0
7489,1.0
7490,1.0
7491,5.0
7492,3.0
7493,2.0
7494,1.0
7495,4.0
7496,1.0
7497,2.0
7498,7.0
7499,69794.0
7500,2.0
7501,1.0
7502,5.0
7503,18.0
7504,3.0
7505,3.0
7506,76.0
7507,13.0
7508,30.0
7509,1.0
7510,1.0
7511,27826.0
7512,6.0
7513,3.0
7514,1.0
7515,4.0
7516,7.0
7517,921.0
7518,1.0
7519,1.0
7520,1.0
7521,1.0
7522,1.0
7523,1.0
7524,4518.0
7525,2.0
7526,7.0
7527,1.0
7528,7.0
7529,1.0
7530,2.0
7531,69.0
7532,36.0
7533,1.0
7534,1687.0
7535,13.0
7536,1.0
7537,2.0
7538,1.0
7539,59.0
7540,1.0
7541,4.0
7542,1.0
7543,4.0
7544,1.0
7545,1.0
7546,1.0
7547,2.0
7548,233522.0
7549,1.0
7550,5.0
7551,4.0
7552,1.0
7553,3.0
7554,3.0
7555,1.0
7556,31229.0
7557,1.0
7558,7.0
7559,5.0
7560,1.0
7561,4.0
7563,1.0
7564,21.0
7565,1.0
7566,1.0
7567,7.0
7568,5.0
7569,14.0
7570,940.0
7571,1.0
7572,6.0
7573,1.0
7574,1.0
7575,2.0
7576,4.0
7577,1.0
7578,4.0
7579,1.0
7580,1.0
7581,2.0
7582,2.0
7583,2.0
7584,1.0
7585,25.0
7586,1.0
7587,308.0
7588,9537.0
7589,1897.0
7590,1.0
7591,1.0
7592,3.0
7593,1.0
7594,1.0
7595,1.0
7596,1.0
7597,19.0
7599,1.0
7600,1.0
7601,1.0
7602,2.0
7603,1.0
7604,1.0
7605,3.0
7606,22.0
7608,2.0
7609,1.0
7610,1.0
7611,11.0
7612,20947.0
7613,3.0
7614,4.0
7615,2.0
7616,1.0
7617,12.0
7618,1.0
7619,1.0
7620,3.0
7621,1.0
7622,3.0
7623,11.0
7624,1.0
7625,1.0
7626,1.0
7627,5.0
7628,1.0
7629,3.0
7630,1.0
7631,1.0
7633,1.0
7634,1.0
7635,1.0
7636,24.0
7637,5.0
7638,13.0
7639,10.0
7640,1.0
7641,1.0
7642,2.0
7643,6.0
7644,1.0
7645,3.0
7646,16.0
7647,335.0
7648,12.0
7649,1.0
7650,18.0
7651,12.0
7652,1.0
7653,4.0
7655,2.0
7656,1.0
7657,1.0
7658,6.0
7659,3.0
7660,3.0
7661,1.0
7662,9.0
7663,3.0
7664,1.0
7665,78.0
7666,1.0
7667,11.0
7669,3.0
7670,2.0
7671,3.0
7672,1.0
7673,4.0
7675,2.0
7676,1.0
7677,1.0
7678,9.0
7679,2.0
7680,1.0
7681,9.0
7682,1445.0
7683,1.0
7684,1.0
7685,1.0
7686,1.0
7687,3.0
7688,3.0
7689,1.0
7690,1.0
7691,2.0
7692,1.0
7693,10.0
7694,15.0
7695,5.0
7696,23.0
7697,3.0
7698,1.0
7699,5.0
7700,1.0
7701,4.0
7702,3210.0
7703,2.0
7704,1.0
7705,3.0
7706,1.0
7707,77.0
7708,3.0
7709,3.0
7710,1.0
7711,1015.0
7712,1.0
7713,2.0
7714,2.0
7715,3105.0
7716,1.0
7717,24.0
7718,1.0
7719,1.0
7720,4.0
7721,4.0
7722,1.0
7723,1.0
7724,1.0
7725,2.0
7726,2.0
7727,5.0
7728,3.0
7729,1.0
7730,2.0
7732,1.0
7733,2.0
7734,20947.0
7735,1.0
7736,1.0
7737,39.0
7738,7.0
7739,3.0
7740,16.0
7741,40.0
7742,1.0
7743,12.0
7744,1.0
7745,2.0
7746,196.0
7747,1.0
7748,4.0
7749,16.0
7750,3.0
7751,1.0
7752,1.0
7753,8.0
7754,1.0
7755,1.0
7756,3129.0
7757,19.0
7758,109.0
7759,1.0
7760,1.0
7761,13.0
7762,1.0
7763,1.0
7764,1.0
7765,1.0
7766,1.0
7767,1.0
7768,32.0
7769,2.0
7770,1.0
7771,1.0
7772,364.0
7773,55.0
7774,86.0
7775,1.0
7776,1.0
7777,16.0
7778,14.0
7779,2.0
7780,448.0
7781,1.0
7782,2.0
7783,1.0
7784,6.0
7785,12.0
7786,6.0
7787,1.0
7788,12.0
7789,2.0
7790,10.0
7791,7.0
7792,12.0
7793,1.0
7794,2.0
7795,6111.0
7796,1.0
7797,1.0
7798,4.0
7799,1.0
7800,2.0
7801,10.0
7802,21.0
7803,1.0
7804,1.0
7805,15.0
7806,2.0
7807,12.0
7808,22.0
7809,8.0
7810,1.0
7811,3095.0
7812,1.0
7813,1.0
7814,6894.0
7815,3.0
7816,6.0
7817,4.0
7818,2.0
7819,5.0
7820,37185.0
7821,6.0
7822,14.0
7823,2.0
7824,2.0
7825,2.0
7826,1.0
7827,1.0
7828,1.0
7829,2.0
7830,1.0
7831,1.0
7832,1.0
7833,1.0
7834,11.0
7835,1.0
7836,1.0
7837,108.0
7838,2.0
7839,2.0
7840,4.0
7841,2.0
7842,9.0
7843,4.0
7844,4.0
7845,2.0
7846,4.0
7848,1.0
7850,1.0
7851,3.0
7852,4.0
7853,1.0
7854,1.0
7855,3.0
7856,59.0
7857,1.0
7858,2.0
7859,1.0
7860,1.0
7861,10.0
7863,7.0
7864,1.0
7865,1.0
7866,34.0
7867,1.0
7868,2.0
7869,1.0
7870,3.0
7871,1.0
7872,11.0
7873,1.0
7874,1.0
7875,1.0
7876,1.0
7877,3.0
7878,2.0
7879,5.0
7880,4.0
7881,1.0
7882,87.0
7883,1.0
7884,7.0
7885,1.0
7886,2.0
7887,2.0
7888,2.0
7889,13.0
7890,1.0
7891,2.0
7892,1.0
7893,6.0
7894,1.0
7895,1.0
7896,5.0
7897,2.0
7898,6872.0
7899,2.0
7900,1.0
7901,2.0
7902,8.0
7903,1.0
7904,4.0
7905,1.0
7906,1.0
7907,1.0
7908,2.0
7909,1.0
7910,341.0
7911,2.0
7912,1.0
7913,1.0
7914,1.0
7915,7.0
7916,1.0
7917,2.0
7918,2.0
7919,6.0
7920,39.0
7921,4.0
7922,32187.0
7923,5.0
7924,2.0
7925,15.0
7926,2.0
7927,1.0
7928,1.0
7929,1.0
7930,78.0
7931,27.0
7932,1.0
7933,19.0
7934,2.0
7935,3666.0
7936,1.0
7937,2.0
7938,11.0
7939,1.0
7940,2.0
7941,1.0
7942,1445.0
7943,1.0
7944,1.0
7945,3.0
7946,1.0
7947,2.0
7948,2.0
7949,5.0
7950,1.0
7951,1.0
7952,2.0
7953,1.0
7954,2.0
7955,1.0
7956,9.0
7957,8.0
7958,9.0
7959,1.0
7960,12.0
7961,2.0
7962,1.0
7963,1.0
7964,1.0
7965,7.0
7966,1.0
7968,3.0
7969,167.0
7970,4.0
7971,1.0
7972,7.0
7973,22.0
7974,2.0
7975,1.0
7976,1.0
7977,1.0
7978,1.0
7979,6.0
7980,722.0
7981,1.0
7982,1.0
7983,2.0
7984,1.0
7985,1.0
7986,7.0
7987,1.0
7988,1.0
7989,9.0
7990,4.0
7991,1.0
7992,1.0
7993,3.0
7994,1.0
7995,44.0
7996,2.0
7997,1.0
7998,3.0
7999,3.0
8000,1.0
8001,11.0
8002,2.0
8003,4.0
8004,2.0
8005,2.0
8006,2.0
8007,354.0
8008,7.0
8009,1.0
8010,41.0
8011,3.0
8012,7.0
8013,2.0
8014,1.0
8015,7.0
8016,2.0
8017,2.0
8018,1.0
8019,5.0
8020,2.0
8021,1.0
8022,1.0
8023,12.0
8024,1.0
8025,1.0
8026,2.0
8027,4.0
8028,1.0
8029,1.0
8030,1.0
8031,1.0
8032,37185.0
8033,4.0
8034,2.0
8035,1.0
8036,2.0
8037,1.0
8038,3.0
8039,5.0
8040,1.0
8041,1.0
8042,8.0
8043,2.0
8044,1.0
8045,1.0
8046,1.0
8047,2.0
8048,1.0
8049,170.0
8050,11.0
8051,3.0
8053,2.0
8054,9.0
8055,3.0
8056,18.0
8057,95.0
8058,2.0
8059,1.0
8060,6.0
8061,8.0
8062,4.0
8063,2.0
8064,1.0
8065,4.0
8066,1.0
8067,7.0
8068,5.0
8069,1.0
8070,8.0
8071,2.0
8072,16.0
8073,1.0
8074,2.0
8075,1.0
8076,1.0
8077,3.0
8079,1.0
8080,3.0
8081,1.0
8082,1.0
8083,4.0
8084,1.0
8085,2.0
8086,1.0
8087,4.0
8088,1.0
8089,2.0
8090,2.0
8091,10.0
8092,19.0
8093,2.0
8094,1.0
8095,1.0
8096,1.0
8097,25.0
8098,1.0
8099,1.0
8100,61277.0
8101,2555.0
8102,2.0
8103,134.0
8104,20.0
8105,1.0
8106,2.0
8107,1.0
8108,1.0
8109,5.0
8110,1.0
8111,14.0
8112,1.0
8113,1.0
8114,2.0
8115,1.0
8116,6.0
8117,2.0
8118,6.0
8119,3.0
8120,1.0
8121,1.0
8122,1.0
8123,1.0
8124,48626.0
8125,3.0
8126,7.0
8127,7.0
8128,18.0
8129,4.0
8130,1.0
8131,1.0
8132,2.0
8133,3.0
8134,1.0
8135,2980.0
8136,1.0
8137,3.0
8138,1.0
8139,19.0
8140,7.0
8141,5.0
8142,1.0
8143,1.0
8144,1.0
8145,2.0
8146,2.0
8147,1.0
8148,1.0
8149,1.0
8150,1445.0
8151,1.0
8152,4.0
8153,1.0
8154,1.0
8155,4.0
8156,2.0
8157,10.0
8159,8207.0
8160,1.0
8161,1.0
8162,5.0
8163,3.0
8164,7.0
8165,1.0
8166,4.0
8167,9.0
8168,1.0
8169,1.0
8170,1.0
8171,7.0
8172,2.0
8173,3.0
8174,1.0
8175,1.0
8176,64.0
8177,1.0
8178,2.0
8179,1.0
8180,16.0
8181,1.0
8182,3151.0
8183,9.0
8184,5.0
8185,2287.0
8186,7.0
8187,32187.0
8188,36.0
8189,132.0
8190,2.0
8191,2.0
8192,1.0
8193,1.0
8194,5584.0
8195,1.0
8196,1.0
8197,1.0
8198,1.0
8199,1.0
8200,68.0
8201,1.0
8202,1.0
8203,14.0
8204,3.0
8205,1.0
8206,4.0
8207,1.0
8208,3.0
8209,6.0
8210,1.0
8211,1.0
8212,1.0
8213,1.0
8214,84.0
8215,1.0
8216,4.0
8217,47.0
8218,3.0
8219,1.0
8220,5.0
8221,1.0
8222,3.0
8223,1.0
8224,1.0
8225,1.0
8226,1.0
8227,1.0
8228,2.0
8229,5.0
8230,1.0
8231,1.0
8232,1.0
8233,430.0
8234,95.0
8235,249.0
8236,58.0
8237,13202.0
8239,1.0
8240,1.0
8241,8947.0
8243,14.0
8244,1.0
8245,10.0
8246,4.0
8247,1.0
8248,1.0
8249,2.0
8250,2.0
8251,32187.0
8252,1.0
8253,2.0
8254,1.0
8255,1.0
8256,2.0
8257,7.0
8258,24.0
8259,2.0
8261,2.0
8262,9.0
8263,3.0
8264,13350.0
8265,1.0
8266,1.0
8267,2.0
8268,1.0
8269,5.0
8270,1.0
8271,1246.0
8272,1.0
8273,2.0
8274,359.0
8275,276.0
8276,1.0
8277,1.0
8278,2.0
8279,1.0
8280,14.0
8281,1.0
8282,12.0
8283,9.0
8284,14.0
8285,1.0
8287,3.0
8288,723.0
8289,2.0
8290,2.0
8291,1.0
8292,15.0
8293,2722.0
8294,1.0
8295,1.0
8296,1.0
8297,2.0
8298,1.0
8299,1.0
8300,1.0
8301,50157.0
8302,1.0
8303,25.0
8304,1.0
8305,17.0
8306,1.0
8307,2.0
8308,1.0
8309,24650.0
8311,2.0
8312,2.0
8313,4.0
8314,1.0
8315,30.0
8316,2425.0
8317,3.0
8318,1.0
8319,426.0
8320,1.0
8321,1.0
8322,50157.0
8323,1.0
8324,30.0
8325,9334.0
8326,1.0
8327,6946.0
8328,22.0
8329,6.0
8330,1.0
8331,2.0
8332,10.0
8333,1.0
8334,1.0
8335,4.0
8336,1.0
8337,1.0
8338,6.0
8339,3.0
8340,1.0
8341,6497.0
8342,1.0
8343,5687.0
8344,1.0
8345,1.0
8346,2.0
8347,1.0
8348,15.0
8349,21.0
8350,2.0
8351,1.0
8352,7.0
8353,2.0
8354,6.0
8355,1.0
8356,1.0
8357,1.0
8358,1.0
8360,2.0
8361,4.0
8362,1.0
8363,6.0
8364,1.0
8365,3.0
8366,3.0
8368,10.0
8369,8.0
8370,3.0
8371,14.0
8372,16.0
8373,4.0
8374,1.0
8375,1.0
8376,512.0
8377,2.0
8378,1.0
8379,9.0
8380,1.0
8381,2.0
8382,3.0
8383,1.0
8384,9.0
8386,92.0
8387,18.0
8388,1.0
8389,103.0
8390,1.0
8391,2.0
8392,4.0
8393,1.0
8394,1.0
8395,1.0
8396,1.0
8397,442.0
8398,1.0
8399,1.0
8400,2.0
8401,1.0
8402,1.0
8403,1.0
8404,3.0
8405,1.0
8406,14.0
8407,1.0
8408,2.0
8409,1.0
8410,4.0
8411,296.0
8412,1.0
8413,1.0
8414,2.0
8415,1.0
8416,1.0
8417,19.0
8418,2.0
8419,1.0
8420,1.0
8421,57633.0
8422,1.0
8423,1.0
8424,2.0
8425,2.0
8426,1349.0
8427,1.0
8428,196.0
8429,1909.0
8430,1349.0
8431,1.0
8432,6.0
8433,39.0
8434,1.0
8435,10.0
8436,10.0
8437,2.0
8438,1.0
8439,1.0
8440,1.0
8441,4245.0
8442,6.0
8443,1.0
8444,1.0
8445,5.0
8446,4.0
8447,36.0
8448,26.0
8449,1.0
8450,2.0
8451,2.0
8452,6.0
8453,5.0
8454,1.0
8455,1.0
8456,1.0
8457,3.0
8459,3.0
8460,1.0
8461,6.0
8462,4.0
8463,1.0
8464,4.0
8465,6.0
8466,1.0
8467,1.0
8468,385.0
8470,4.0
8471,17875.0
8472,3008.0
8473,12.0
8474,5.0
8475,2.0
8476,7.0
8477,4.0
8478,1.0
8479,2.0
8480,5.0
8481,1.0
8482,1.0
8483,1.0
8484,47.0
8485,2.0
8486,2.0
8487,3.0
8488,21.0
8489,3.0
8490,31.0
8491,1.0
8492,12.0
8493,1.0
8494,1.0
8495,16.0
8496,6.0
8497,152.0
8498,2.0
8499,5.0
8500,1.0
8501,1.0
8502,3.0
8503,3.0
8504,1.0
8505,1.0
8506,4.0
8508,12.0
8509,1.0
8510,1.0
8511,2.0
8512,86.0
8513,9.0
8514,1.0
8515,1.0
8516,1.0
8517,7.0
8518,1.0
8519,111.0
8520,1.0
8521,38.0
8522,14.0
8523,2.0
8524,3.0
8525,3.0
8526,1.0
8527,1.0
8528,3.0
8529,1.0
8530,3.0
8531,785.0
8532,3.0
8533,4.0
8534,1.0
8535,2.0
8536,1.0
8537,3.0
8539,11.0
8540,3.0
8541,2.0
8542,1.0
8543,2.0
8544,2.0
8545,8.0
8546,1.0
8547,5.0
8548,1.0
8549,1.0
8550,2.0
8551,1.0
8552,1176.0
8553,1.0
8554,4.0
8555,1.0
8556,11.0
8557,14.0
8558,1.0
8559,38.0
8560,1.0
8561,10.0
8562,3.0
8563,1.0
8564,3.0
8565,10.0
8566,17.0
8567,8.0
8568,2.0
8569,1.0
8570,1.0
8571,1.0
8572,11.0
8573,41.0
8574,1.0
8575,3.0
8576,3.0
8577,1.0
8578,1.0
8579,1.0
8580,1.0
8581,7.0
8582,1.0
8583,1.0
8584,2.0
8585,1.0
8586,2.0
8587,308.0
8589,9.0
8590,1.0
8591,1.0
8592,1.0
8593,3.0
8594,1.0
8595,1.0
8596,3.0
8597,2.0
8598,1.0
8599,1.0
8600,1.0
8601,1.0
8602,1.0
8603,4.0
8604,10.0
8605,2.0
8607,1.0
8608,1.0
8609,2.0
8610,30.0
8611,2.0
8612,5.0
8613,1.0
8614,40.0
8615,1.0
8616,1.0
8617,15.0
8618,39.0
8619,1.0
8620,1.0
8621,40.0
8622,27.0
8623,1.0
8624,2.0
8625,2.0
8626,21375.0
8627,13.0
8628,6497.0
8629,2.0
8630,1.0
8632,217.0
8633,4.0
8634,1.0
8635,1.0
8636,1.0
8637,1.0
8638,1.0
8639,1.0
8640,1833.0
8642,1.0
8643,3.0
8644,1.0
8645,16.0
8646,1.0
8647,1.0
8648,4.0
8649,1.0
8650,1.0
8651,1.0
8652,1.0
8653,1.0
8654,2.0
8655,9.0
8657,48.0
8658,2.0
8659,2.0
8660,15.0
8661,1.0
8662,1.0
8663,771.0
8664,32.0
8665,7.0
8666,11.0
8667,14.0
8668,1.0
8669,1.0
8670,1.0
8671,1.0
8672,55.0
8674,1.0
8675,1.0
8676,4.0
8677,1.0
8678,1.0
8679,6.0
8680,152.0
8681,2.0
8682,3.0
8683,1.0
8684,1.0
8685,1.0
8686,2.0
8687,1.0
8688,1.0
8689,6722.0
8690,1.0
8691,1.0
8692,1.0
8693,1.0
8694,1.0
8695,1.0
8696,22.0
8697,10387.0
8698,1.0
8699,132.0
8700,1.0
8701,1.0
8702,1.0
8703,2.0
8704,6.0
8705,3.0
8706,1.0
8707,8.0
8708,1.0
8709,1.0
8710,1.0
8711,1.0
8712,1.0
8713,18.0
8714,3.0
8715,1.0
8716,2.0
8717,21.0
8718,1.0
8719,30.0
8720,26.0
8721,1.0
8722,1.0
8723,4.0
8724,3.0
8725,2.0
8726,1.0
8727,6.0
8728,2.0
8729,1.0
8730,1.0
8731,3.0
8732,3.0
8733,2555.0
8734,1.0
8735,7.0
8736,1.0
8737,52.0
8738,4.0
8739,1.0
8740,2.0
8741,18.0
8742,200.0
8743,3.0
8744,11.0
8745,8.0
8746,2.0
8747,1.0
8748,3.0
8749,3.0
8750,2.0
8751,1.0
8752,11.0
8753,3.0
8754,2.0
8755,3.0
8756,32.0
8757,2.0
8758,1.0
8759,1.0
8760,2.0
8761,12.0
8762,6.0
8763,6.0
